State,LGA,Ward,Ward Code,Ward ID,Polling Unit,PU Code,PU ID,Polling Unit ID,Result Updated Time,Session,Ballots Issued,Ballots Used,Invalid Votes,Result Info PU,Total Accredited,Total Registered,Valid Votes,Image File,Image URL,A,AA,ADC,ADP,APC,APGA,APM,NNPP,PDP,SDP,ZLP
FCT,KUJE,KWAKU,04,5f0f3c198f77bb3acad09a5b,JSS SABO,37/04/04/006,699824846a7216db797263d5,123605,1771937661030.0,1771712673845,500,243,1,699d9f7c335a9982a0fc8b2d,243,468,242,37_04_04_006.jpg,https://inc-s3-cache.incportals.com/cached/express/results/2843/15/279/3267/636620/96fd4eda-a7c3-40da-8c98-a90ad8a4cbb2.jpg,0,0,0,0,71,5,0,0,166,0,0
FCT,KUJE,KWAKU,04,5f0f3c198f77bb3acad09a5b,KWAKU PRI SCH HEALTH CARE,37/04/04/008,699824846a7216db797263d4,123607,1771937469342.0,1771713097021,194,141,2,699d9ebd0462c6001ca2f18a,141,194,139,37_04_04_008.jpg,https://inc-s3-cache.incportals.com/cached/express/results/2843/15/279/3267/636619/4c1ad59a-b8ab-484a-990d-5b0533b6d06b.jpg,0,0,0,0,99,11,0,0,29,0,0
FCT,KUJE,KWAKU,04,5f0f3c198f77bb3acad09a5b,JSS KWAKU,37/04/04/010,699824846a7216db797263d3,123609,1771937336152.0,1771712829076,106,75,2,699d9e380462c6001ca2c47d,75,106,73,37_04_04_010.jpg,https://inc-s3-cache.incportals.com/cached/express/results/2843/15/279/3267/636617/7827afbf-45d6-44fd-955f-f139259550b1.jpg,0,0,0,0,35,6,0,0,32,0,0
FCT,KUJE,KWAKU,04,5f0f3c198f77bb3acad09a5b,GAWU SETTLEMENT,37/04/04/012,699824846a7216db797263d2,123611,1771937279719.0,1771712824212,518,348,9,699d9dff0462c6001ca2b15b,345,518,336,37_04_04_012.jpg,https://inc-s3-cache.incportals.com/cached/express/results/2843/15/279/3267/617894/c9256c88-cfdc-498c-9c40-b25b2cea56cc.jpg,0,0,0,1,216,28,0,0,91,0,0
FCT,KUJE,KWAKU,04,5f0f3c198f77bb3acad09a5b,CHIDA/PRIMARY SCHOOL,37/04/04/004,699824846a7216db797263cd,42119,1771937145716.0,1771712768664,341,198,11,699d9d790462c6001ca28330,197,341,186,37_04_04_004.jpg,https://inc-s3-cache.incportals.com/cached/express/results/2843/15/279/3267/42071/be5f1061-d0c4-4c2c-8caf-7a30f3fa1695.jpg,0,0,2,0,108,0,0,0,76,0,0
FCT,KUJE,KWAKU,04,5f0f3c198f77bb3acad09a5b,SABO/PRIMARY SCHOOL,37/04/04/001,699824846a7216db797263ce,42116,1771937056015.0,1771776602418,1250,424,6,699d9d1f0462c6001ca26415,424,1250,418,37_04_04_001.jpg,https://inc-s3-cache.incportals.com/cached/express/results/2843/15/279/3267/42068/cc1552db-8a1d-4c35-a1d6-eaee1dea2801.jpg,0,0,2,0,204,27,0,0,185,0,0
FCT,KUJE,KWAKU,04,5f0f3c198f77bb3acad09a5b,GADORO/PRI. SCHOOL,37/04/04/003,699824846a7216db797263cb,42118,1771937033142.0,1771776693770,1096,453,5,699d9d090462c6001ca25c5d,454,1096,444,37_04_04_003.jpg,https://inc-s3-cache.incportals.com/cached/express/results/2843/15/279/3267/42070/f3c01e2b-ea97-4fca-8765-c819bfcbcd0d.jpg,0,0,0,0,208,48,0,0,188,0,0
FCT,KUJE,KWAKU,04,5f0f3c198f77bb3acad09a5b,GASHE PRI SCH,37/04/04/009,699824846a7216db797263cc,123608,1771936790032.0,1771713097984,285,241,0,699d9c150462c6001ca206e7,241,286,241,37_04_04_009.jpg,https://inc-s3-cache.incportals.com/cached/express/results/2843/15/279/3267/636618/8d84a9b3-d4ae-48b1-902d-21c3f794953c.jpg,0,0,0,1,74,64,0,1,101,0,0
FCT,KUJE,KWAKU,04,5f0f3c198f77bb3acad09a5b,KWAKU/PRIMARY SCHOOL,37/04/04/002,699824846a7216db797263d1,42117,1771936582822.0,1771776752803,1739,403,0,699d9b460462c6001ca1bff0,402,1739,402,37_04_04_002.jpg,https://inc-s3-cache.incportals.com/cached/express/results/2843/15/279/3267/42069/7fccd443-279f-4960-aa9a-f2199a9fbe71.jpg,0,0,1,1,293,28,1,1,77,0,0
FCT,KUJE,KWAKU,04,5f0f3c198f77bb3acad09a5b,JIJINGBA PRI SCH,37/04/04/011,699824846a7216db797263d0,123610,1771936546407.0,1771712889127,184,146,4,699d9b220462c6001ca1b32c,146,184,142,37_04_04_011.jpg,https://inc-s3-cache.incportals.com/cached/express/results/2843/15/279/3267/636615/d5356890-95cd-49cb-9719-651e14d43979.jpg,0,0,0,0,50,48,0,0,44,0,0
FCT,KUJE,KWAKU,04,5f0f3c198f77bb3acad09a5b,BUGADO/PRIMARY SCHOOL,37/04/04/005,699824846a7216db797263d6,42120,1771935807561.0,1771715705014,735,348,3,699d983f0462c6001ca0b29b,347,735,344,37_04_04_005.jpg,https://inc-s3-cache.incportals.com/cached/express/results/2843/15/279/3267/42072/b71e16d4-306e-4640-8b88-8b0883ac69a6.jpg,0,0,1,0,186,40,0,0,117,0,0
FCT,KUJE,KWAKU,04,5f0f3c198f77bb3acad09a5b,GAYE SETTLEMENT,37/04/04/007,699824846a7216db797263cf,123606,1771935583740.0,1771718644118,273,175,11,699d975f0462c6001ca064d4,175,273,164,37_04_04_007.jpg,https://inc-s3-cache.incportals.com/cached/express/results/2843/15/279/3267/617999/1002eb75-4601-44b7-895b-130cb75994c9.jpg,0,0,0,0,68,22,0,0,74,0,0
FCT,KUJE,KUJEKWA,09,5f0f3c1a8f77bb3acad09a60,ODU / PRIMARY SCHOOL,37/04/09/002,699824846a7216db797263e0,42155,1771937703830.0,1771720412770,760,250,0,699d9fa7fa08f5822ca30c0b,249,760,249,37_04_09_002.jpg,https://inc-s3-cache.incportals.com/cached/express/results/2843/15/279/3272/42107/da2de264-94e8-4070-ac36-bbe203357ee2.jpg,0,0,0,0,148,31,0,0,70,0,0
FCT,KUJE,KUJEKWA,09,5f0f3c1a8f77bb3acad09a60,BIDA / PRIMARY SCHOOL,37/04/09/003,699824846a7216db797263de,42156,1771937116479.0,1771759476889,783,182,0,699d9d5c0462c6001ca27947,181,783,181,37_04_09_003.jpg,https://inc-s3-cache.incportals.com/cached/express/results/2843/15/279/3272/42108/f9765274-f72d-40df-b137-1086f7d088df.jpg,0,0,0,1,101,3,0,0,76,0,0
FCT,KUJE,KUJEKWA,09,5f0f3c1a8f77bb3acad09a60,KUJEKWA/PRIMARY SCHOOL,37/04/09/001,699824846a7216db797263e2,42154,1771937017952.0,1771759269271,759,235,0,699d9cf90462c6001ca256ed,235,759,235,37_04_09_001.jpg,https://inc-s3-cache.incportals.com/cached/express/results/2843/15/279/3272/42106/485fdd91-2d47-407a-b162-b94b6e7d424f.jpg,0,0,2,1,131,10,1,11,79,0,0
FCT,KUJE,KUJEKWA,09,5f0f3c1a8f77bb3acad09a60,ODU PRI HEALTH CARE,37/04/09/007,699824846a7216db797263d7,123688,1771936548175.0,1771759331183,607,269,0,699d9b240462c6001ca1b3c8,267,607,267,37_04_09_007.jpg,https://inc-s3-cache.incportals.com/cached/express/results/2843/15/279/3272/636576/a8e9e25e-a0d9-46dd-8347-845cfe1a43d8.jpg,0,0,0,0,162,19,0,0,86,0,0
FCT,KUJE,KUJEKWA,09,5f0f3c1a8f77bb3acad09a60,SABE / KOFAR GIDAN MADAKI,37/04/09/005,699824846a7216db797263dc,42158,1771936547474.0,1771720203519,899,148,0,699d9b230462c6001ca1b38c,148,899,148,37_04_09_005.jpg,https://inc-s3-cache.incportals.com/cached/express/results/2843/15/279/3272/42110/93a4295b-39f5-4688-ba4a-440e9ef66cf3.jpg,0,0,2,0,61,4,0,7,74,0,0
FCT,KUJE,KUJEKWA,09,5f0f3c1a8f77bb3acad09a60,GBAMBO VILLAGE,37/04/09/010,699824846a7216db797263db,123691,1771936315906.0,1771720028022,176,104,0,699d9a3b0462c6001ca16319,104,176,104,37_04_09_010.jpg,https://inc-s3-cache.incportals.com/cached/express/results/2843/15/279/3272/618014/8978d05a-c3ae-4e78-9291-4aa846fdc3ce.jpg,0,0,0,0,22,48,0,1,33,0,0
FCT,KUJE,KUJEKWA,09,5f0f3c1a8f77bb3acad09a60,GBANBO PRI SCHOOL,37/04/09/006,699824846a7216db797263df,123687,1771936232065.0,1771759265330,4,2,0,699d99e70462c6001ca1461e,2,4,2,37_04_09_006.jpg,https://inc-s3-cache.incportals.com/cached/express/results/2843/15/279/3272/636577/3dfe27c3-5f36-429e-87e9-3348d854ae95.jpg,0,0,0,0,1,1,0,0,0,0,0
FCT,KUJE,KUJEKWA,09,5f0f3c1a8f77bb3acad09a60,BIDA PRI HEALTH CARE,37/04/09/009,699824846a7216db797263da,123690,1771936192509.0,1771759355574,603,235,0,699d99c00462c6001ca1388e,235,604,235,37_04_09_009.jpg,https://inc-s3-cache.incportals.com/cached/express/results/2843/15/279/3272/636574/768cf812-4daf-4871-8425-367d58c37ad9.jpg,0,0,1,0,101,0,0,1,132,0,0
FCT,KUJE,KUJEKWA,09,5f0f3c1a8f77bb3acad09a60,GIDAN BAWA HEALTH CARE,37/04/09/011,699824846a7216db797263e1,123692,1771936133837.0,1771719845028,470,174,0,699d99850462c6001ca12442,174,470,174,37_04_09_011.jpg,https://inc-s3-cache.incportals.com/cached/express/results/2843/15/279/3272/636572/743cdaec-d06d-4d4d-86cf-7297f777ec47.jpg,0,0,0,0,82,4,0,14,74,0,0
FCT,KUJE,KUJEKWA,09,5f0f3c1a8f77bb3acad09a60,SABE OPEN SPACE,37/04/09/012,699824846a7216db797263dd,123693,1771936110699.0,1771720117081,572,201,1,699d996e0462c6001ca11c17,200,572,199,37_04_09_012.jpg,https://inc-s3-cache.incportals.com/cached/express/results/2843/15/279/3272/636571/02ce1e1c-92f0-46a3-ac6c-6ea91495de60.jpg,0,0,0,0,94,5,1,8,91,0,0
FCT,KUJE,KUJEKWA,09,5f0f3c1a8f77bb3acad09a60,UGBO MADDAH,37/04/09/008,699824846a7216db797263d9,123689,1771936098878.0,1771719845440,96,74,2,699d99620462c6001ca11809,74,97,72,37_04_09_008.jpg,https://inc-s3-cache.incportals.com/cached/express/results/2843/15/279/3272/618013/6b65389d-d3e0-4c17-9afa-f1d75997a643.jpg,0,0,0,0,46,4,0,0,22,0,0
FCT,KUJE,KUJEKWA,09,5f0f3c1a8f77bb3acad09a60,GIDAN BAWA/PRIMARY SCHOOL,37/04/09/004,699824846a7216db797263d8,42157,1771936061150.0,1771719875730,750,198,1,699d993d0462c6001ca10a63,198,750,197,37_04_09_004.jpg,https://inc-s3-cache.incportals.com/cached/express/results/2843/15/279/3272/42109/b518e2fa-9baf-4f13-9de5-bc35a1632517.jpg,0,0,2,1,83,9,0,11,90,1,0
FCT,KUJE,CHIBIRI,02,5f0f3c198f77bb3acad09a59,CHUKUKU/CHUKUKU  PRIMARY SCHOOL,37/04/02/005,699824846a7216db79726402,42098,1771937711067.0,1771692021384,806,157,7,699d9fae335a9982a0fc8beb,154,806,147,37_04_02_005.jpg,https://inc-s3-cache.incportals.com/cached/express/results/2843/15/279/3265/42054/3820e233-197b-483a-88ba-c6173581091d.jpg,0,0,0,0,64,29,0,1,53,0,0
FCT,KUJE,CHIBIRI,02,5f0f3c198f77bb3acad09a59,PASSALI GBARI CHIEF PALACE,37/04/02/032,699824846a7216db79726404,123546,1771937659438.0,1771776212909,866,162,4,699d9f7b0462c6001ca3272f,163,867,158,37_04_02_032.jpg,https://inc-s3-cache.incportals.com/cached/express/results/2843/15/279/3265/617852/b9d61772-701a-48c3-b4eb-0f9636bd5039.jpg,0,0,6,0,41,40,0,2,68,0,1
FCT,KUJE,CHIBIRI,02,5f0f3c198f77bb3acad09a59,CHIBIRI HEALTH CARE,37/04/02/007,699824846a7216db797263f3,123521,1771937612179.0,1771692190988,176,119,37,699d9f4c0462c6001ca31def,119,176,82,37_04_02_007.jpg,https://inc-s3-cache.incportals.com/cached/express/results/2843/15/279/3265/636688/f096a205-abdf-4524-9a0c-2a7443d8f368.jpg,1,1,0,2,46,21,1,0,9,1,0
FCT,KUJE,CHIBIRI,02,5f0f3c198f77bb3acad09a59,PASSALI UNGWAN. LADO,37/04/02/026,699824846a7216db797263f4,123540,1771937551963.0,1771692300587,228,106,9,699d9f0fd9ca3181fc992639,106,228,97,37_04_02_026.jpg,https://inc-s3-cache.incportals.com/cached/express/results/2843/15/279/3265/636668/77591924-d5a3-4b93-8fac-9ac8a29be6c7.jpg,0,0,1,1,56,19,0,0,20,0,0
FCT,KUJE,CHIBIRI,02,5f0f3c198f77bb3acad09a59,SHETIGO/NAF GATE,37/04/02/016,699824846a7216db797263f8,123530,1771937442769.0,1771692637699,98,13,0,699d9ea20462c6001ca2e871,13,98,13,37_04_02_016.jpg,https://inc-s3-cache.incportals.com/cached/express/results/2843/15/279/3265/636679/4cc06d8b-f3f7-41e5-9b3a-0774817ff97a.jpg,0,0,3,0,1,2,0,1,6,0,0
FCT,KUJE,CHIBIRI,02,5f0f3c198f77bb3acad09a59,PASSALI/PASSALI  PRIMARY SCHOOL,37/04/02/004,699824846a7216db797263fd,42097,1771937383372.0,1771692677628,1190,176,3,699d9e670462c6001ca2d41b,176,1190,173,37_04_02_004.jpg,https://inc-s3-cache.incportals.com/cached/express/results/2843/15/279/3265/42053/d978dd52-ab21-4752-9f9d-475b5163cd97.jpg,1,0,5,0,41,55,0,2,68,1,0
FCT,KUJE,CHIBIRI,02,5f0f3c198f77bb3acad09a59,CHIBIRI OVERHEAD TANK,37/04/02/009,699824846a7216db797263e8,123523,1771937379448.0,1771692718918,700,205,10,699d9e630462c6001ca2d2e3,205,695,195,37_04_02_009.jpg,https://inc-s3-cache.incportals.com/cached/express/results/2843/15/279/3265/636686/b53749dc-c9a2-41d9-95f5-f3a5ef945baf.jpg,1,0,1,1,116,40,1,0,35,0,0
FCT,KUJE,CHIBIRI,02,5f0f3c198f77bb3acad09a59,CHUKUKU HEALTH CENTRE,37/04/02/035,699824846a7216db79726409,123549,1771937231386.0,1771705984263,0,0,0,699d9dcf0462c6001ca2a077,0,734,0,37_04_02_035.jpg,https://inc-s3-cache.incportals.com/cached/express/results/2843/15/279/3265/636659/5a2f0e89-598d-4be2-9bd5-c3aa320ab66e.jpg,0,0,0,0,0,0,0,0,0,0,0
FCT,KUJE,CHIBIRI,02,5f0f3c198f77bb3acad09a59,SHADADI/RESETTLMENT ZONE K,37/04/02/042,699824846a7216db797263fc,123556,1771937203053.0,1771702923019,382,114,0,699d9db20462c6001ca296b9,137,283,113,37_04_02_042.jpg,https://inc-s3-cache.incportals.com/cached/express/results/2843/15/279/3265/675311/350f5a52-60e9-43f4-913a-1028b6921988.jpg,0,0,2,0,39,6,0,0,66,0,0
FCT,KUJE,CHIBIRI,02,5f0f3c198f77bb3acad09a59,LANTO/LANTO PRIMARY SCHOOL,37/04/02/006,699824846a7216db79726408,42099,1771937108982.0,1771706554052,381,178,0,699d9d540462c6001ca27689,177,881,175,37_04_02_006.jpg,https://inc-s3-cache.incportals.com/cached/express/results/2843/15/279/3265/42055/4fd3da5b-125a-43d5-87b7-7c29b98fb879.jpg,0,0,0,1,50,36,0,1,85,0,0
FCT,KUJE,CHIBIRI,02,5f0f3c198f77bb3acad09a59,SHADADI/SHADADI NEW RESETTLMENT,37/04/02/040,699824846a7216db79726407,123554,1771937094959.0,1771692352118,1220,245,40,699d9d460462c6001ca2714d,245,1220,205,37_04_02_040.jpg,https://inc-s3-cache.incportals.com/cached/express/results/2843/15/279/3265/617991/5b5e54b6-7ef0-49f8-a853-10fc078107ec.jpg,2,0,4,0,46,51,1,2,99,0,0
FCT,KUJE,CHIBIRI,02,5f0f3c198f77bb3acad09a59,LANTO VILLAGE BY TRANSFORMER,37/04/02/038,699824846a7216db797263ee,123552,1771937019095.0,1771691993277,123,75,1,699d9cfa0462c6001ca2574f,75,123,74,37_04_02_038.jpg,https://inc-s3-cache.incportals.com/cached/express/results/2843/15/279/3265/636657/0ab80e6e-2ab5-49c3-9365-8f39bbfccae0.jpg,0,0,0,0,20,20,0,0,34,0,0
FCT,KUJE,CHIBIRI,02,5f0f3c198f77bb3acad09a59,UNG ZARA PASSALI,37/04/02/030,699824846a7216db797263e7,123544,1771936983117.0,1771692117316,72,14,1,699d9cd70462c6001ca24a93,14,72,13,37_04_02_030.jpg,https://inc-s3-cache.incportals.com/cached/express/results/2843/15/279/3265/675306/dc7df1cf-af1a-4c2b-bf46-143241e19388.jpg,0,0,0,0,5,5,0,0,3,0,0
FCT,KUJE,CHIBIRI,02,5f0f3c198f77bb3acad09a59,KANGO SETTLEMENT,37/04/02/018,699824846a7216db797263e4,123532,1771936846872.0,1771692134942,279,147,9,699d9c4e0462c6001ca21a85,147,279,138,37_04_02_018.jpg,https://inc-s3-cache.incportals.com/cached/express/results/2843/15/279/3265/617989/4b4cc44d-70a1-4ea3-80f8-05b9bf71d8f8.jpg,0,0,3,1,67,6,0,0,61,0,0
FCT,KUJE,CHIBIRI,02,5f0f3c198f77bb3acad09a59,PASSALI 1ST UBE PRIMARY SCHOOL,37/04/02/021,699824846a7216db797263f0,123535,1771936831970.0,1771705986814,761,137,3,699d9c3f0462c6001ca21571,132,761,129,37_04_02_021.jpg,https://inc-s3-cache.incportals.com/cached/express/results/2843/15/279/3265/636674/11abbcf8-7093-421d-a7d6-9a3f0f659b2c.jpg,1,0,2,0,41,35,1,1,48,0,0
FCT,KUJE,CHIBIRI,02,5f0f3c198f77bb3acad09a59,PASSALI JSS,37/04/02/020,699824846a7216db797263ea,123534,1771936820738.0,1771692447862,600,99,2,699d9c340462c6001ca2119d,98,586,96,37_04_02_020.jpg,https://inc-s3-cache.incportals.com/cached/express/results/2843/15/279/3265/636676/c91e45ec-75ce-42a5-bfbf-f5e1c7b1b7a9.jpg,0,0,1,0,24,20,0,0,51,0,0
FCT,KUJE,CHIBIRI,02,5f0f3c198f77bb3acad09a59,SHETIGO/ TRANSFORMER,37/04/02/014,699824846a7216db797263ef,123528,1771936799015.0,1771692585204,670,144,3,699d9c1e0462c6001ca20a27,144,670,141,37_04_02_014.jpg,https://inc-s3-cache.incportals.com/cached/express/results/2843/15/279/3265/636681/370d2173-19c0-4314-937d-00b445513561.jpg,1,1,2,0,46,25,1,0,65,0,0
FCT,KUJE,CHIBIRI,02,5f0f3c198f77bb3acad09a59,PASSALI 1ST UBE PRIMARY SCHOOL,37/04/02/022,699824846a7216db7972640a,123536,1771936738619.0,1771705298920,770,69,0,699d9be20462c6001ca1f4e0,69,770,69,37_04_02_022.jpg,https://inc-s3-cache.incportals.com/cached/express/results/2843/15/279/3265/636673/abc2f46d-de28-4cf4-811a-d6573d2339cc.jpg,0,0,5,0,17,15,0,0,32,0,0
FCT,KUJE,CHIBIRI,02,5f0f3c198f77bb3acad09a59,PASSALI CUSTOMARY COURT,37/04/02/024,699824846a7216db797263fe,123538,1771936649930.0,1771692178714,157,44,8,699d9b890462c6001ca1d6e0,44,157,36,37_04_02_024.jpg,https://inc-s3-cache.incportals.com/cached/express/results/2843/15/279/3265/636671/d0b6b98f-29f7-41bf-babe-6790c1502838.jpg,0,0,1,0,8,9,0,0,18,0,0
FCT,KUJE,CHIBIRI,02,5f0f3c198f77bb3acad09a59,PASSALI 1ST UBE PRI SCH,37/04/02/023,699824846a7216db797263f2,123537,1771936574579.0,1771692608115,780,108,0,699d9b3e0462c6001ca1bd22,108,780,108,37_04_02_023.jpg,https://inc-s3-cache.incportals.com/cached/express/results/2843/15/279/3265/636672/44ac009e-4b85-40d1-8110-e4f09293275f.jpg,0,0,6,0,27,24,0,2,48,1,0
FCT,KUJE,CHIBIRI,02,5f0f3c198f77bb3acad09a59,LANTO PRIMARY SCHOOL,37/04/02/039,699824846a7216db797263ed,123553,1771936570197.0,1771692483977,741,132,2,699d9b3a0462c6001ca1bba0,131,741,129,37_04_02_039.jpg,https://inc-s3-cache.incportals.com/cached/express/results/2843/15/279/3265/636656/53c08608-bbed-48a1-ac98-310938766bd3.jpg,0,0,0,0,44,35,0,1,49,0,0
FCT,KUJE,CHIBIRI,02,5f0f3c198f77bb3acad09a59,OPEN SPACE PRIMARY HEALTH CARE,37/04/02/012,699824846a7216db79726403,123526,1771936486834.0,1771692259919,91,71,3,699d9ae60462c6001ca19e65,70,91,67,37_04_02_012.jpg,https://inc-s3-cache.incportals.com/cached/express/results/2843/15/279/3265/636682/89148f0c-57ec-4ec3-a0c9-688b3b806c1b.jpg,0,0,2,0,22,24,0,0,19,0,0
FCT,KUJE,CHIBIRI,02,5f0f3c198f77bb3acad09a59,CHIBIRI ECWA CHURCH,37/04/02/008,699824846a7216db797263e5,123522,1771936440495.0,1771692674588,644,147,2,699d9ab80462c6001ca18e63,147,644,145,37_04_02_008.jpg,https://inc-s3-cache.incportals.com/cached/express/results/2843/15/279/3265/636687/0cd24223-9edf-49a0-bb15-46b031b30322.jpg,0,0,1,2,74,21,3,1,43,0,0
FCT,KUJE,CHIBIRI,02,5f0f3c198f77bb3acad09a59,KANGO PRIMARY SCHOOL,37/04/02/017,699824846a7216db79726406,123531,1771936395849.0,1771692118507,228,155,0,699d9a8b0462c6001ca17f82,154,229,154,37_04_02_017.jpg,https://inc-s3-cache.incportals.com/cached/express/results/2843/15/279/3265/636678/586f251f-3cd0-4b82-82c7-a994f79a1fe6.jpg,0,0,2,0,60,14,0,0,78,0,0
FCT,KUJE,CHIBIRI,02,5f0f3c198f77bb3acad09a59,KIYI/KIYI/PRIMARY SCH.,37/04/02/002,699824846a7216db797263e3,42095,1771936349957.0,1771692534263,786,161,10,699d9a5d0462c6001ca16f27,161,786,151,37_04_02_002.jpg,https://inc-s3-cache.incportals.com/cached/express/results/2843/15/279/3265/42051/3fc51edd-ebc5-4452-805a-2c5e54b6a091.jpg,0,0,0,0,68,36,0,0,47,0,0
FCT,KUJE,CHIBIRI,02,5f0f3c198f77bb3acad09a59,SHADADI/RESETTLMENT,37/04/02/041,699824846a7216db79726400,123555,1771936231717.0,1771692051932,807,140,0,699d99e70462c6001ca145fe,136,807,136,37_04_02_041.jpg,https://inc-s3-cache.incportals.com/cached/express/results/2843/15/279/3265/675310/7a39f2d5-7d3f-4647-9246-18d1676cdfc0.jpg,0,0,2,0,58,22,0,1,53,0,0
FCT,KUJE,CHIBIRI,02,5f0f3c198f77bb3acad09a59,SHETIGO/SHETIGO  PRIMARY SCHOOL,37/04/02/003,699824846a7216db797263eb,42096,1771936231354.0,1771706522755,806,184,2,699d99e70462c6001ca145de,182,806,180,37_04_02_003.jpg,https://inc-s3-cache.incportals.com/cached/express/results/2843/15/279/3265/42052/5983222d-9867-4681-96a3-5fd0a4819c54.jpg,0,0,1,0,70,32,0,0,76,1,1
FCT,KUJE,CHIBIRI,02,5f0f3c198f77bb3acad09a59,CHIBIRI/CHIBIRI PRIMARY SCHOOL,37/04/02/001,699824846a7216db797263fb,42094,1771936144780.0,1771692098791,836,240,10,699d99900462c6001ca12820,240,836,230,37_04_02_001.jpg,https://inc-s3-cache.incportals.com/cached/express/results/2843/15/279/3265/42050/98f180aa-2d52-4a21-97d8-7e58c3b08de2.jpg,0,0,2,2,103,52,8,0,63,0,0
FCT,KUJE,CHIBIRI,02,5f0f3c198f77bb3acad09a59,PASSALI,37/04/02/034,699824846a7216db797263f5,123548,1771936084833.0,1771693566722,800,165,11,699d99540462c6001ca112eb,165,780,154,37_04_02_034.jpg,https://inc-s3-cache.incportals.com/cached/express/results/2843/15/279/3265/675309/e67e490a-7090-4bad-85e7-cd8f3a371f81.jpg,0,0,3,1,39,45,0,0,65,1,0
FCT,KUJE,CHIBIRI,02,5f0f3c198f77bb3acad09a59,PASSALI SCHOOL FOR THE DEAF,37/04/02/028,699824846a7216db797263ff,123542,1771936079954.0,1771692070134,781,122,4,699d994f0462c6001ca11139,122,788,118,37_04_02_028.jpg,https://inc-s3-cache.incportals.com/cached/express/results/2843/15/279/3265/675304/0747b749-309d-4b32-a9ee-94a645210696.jpg,0,0,2,1,30,40,2,1,41,1,0
FCT,KUJE,CHIBIRI,02,5f0f3c198f77bb3acad09a59,PASSALI GBARI FOREST,37/04/02/033,699824846a7216db79726405,123547,1771936054845.0,1771692303898,752,56,3,699d99360462c6001ca1084d,56,752,53,37_04_02_033.jpg,https://inc-s3-cache.incportals.com/cached/express/results/2843/15/279/3265/675308/4b727904-a6fd-4a3e-99bb-4139bd92ce08.jpg,0,0,1,0,11,11,0,0,30,0,0
FCT,KUJE,CHIBIRI,02,5f0f3c198f77bb3acad09a59,CHUKUKU CUSTOMARY COURT,37/04/02/036,699824846a7216db797263e9,123550,1771935912579.0,1771706594102,813,0,0,699d98a80462c6001ca0d6b0,224,813,0,37_04_02_036.jpg,https://inc-s3-cache.incportals.com/cached/express/results/2843/15/279/3265/636660/09ffa569-06fb-41b7-b811-16f25947bac0.jpg,1,0,3,1,83,37,0,0,99,0,0
FCT,KUJE,CHIBIRI,02,5f0f3c198f77bb3acad09a59,PASSALI OPPOSITE GSS,37/04/02/027,699824846a7216db797263fa,123541,1771935830659.0,1771692078415,1200,155,11,699d98560462c6001ca0ba91,155,1168,144,37_04_02_027.jpg,https://inc-s3-cache.incportals.com/cached/express/results/2843/15/279/3265/617428/58a4b1ff-2171-4af5-86d0-2416a1635d25.jpg,0,0,3,0,38,64,1,1,36,1,0
FCT,KUJE,CHIBIRI,02,5f0f3c198f77bb3acad09a59,PASSALI GSS SECURITY GATE,37/04/02/031,699824846a7216db797263f1,123545,1771935824975.0,1771692078759,752,118,9,699d98500462c6001ca0b8e3,118,752,109,37_04_02_031.jpg,https://inc-s3-cache.incportals.com/cached/express/results/2843/15/279/3265/675307/2ccc688a-184f-4e72-adbc-1763a7a6623f.jpg,0,0,2,0,35,33,0,1,38,0,0
FCT,KUJE,CHIBIRI,02,5f0f3c198f77bb3acad09a59,CHIBIRI ZONE A,37/04/02/010,699824846a7216db797263f7,123524,1771935817935.0,1771692490889,600,175,4,699d98490462c6001ca0b65f,173,574,170,37_04_02_010.jpg,https://inc-s3-cache.incportals.com/cached/express/results/2843/15/279/3265/636685/d5edda28-08c7-4d83-b1c9-2ae5bdca73a6.jpg,1,0,2,0,87,39,1,0,39,1,0
FCT,KUJE,CHIBIRI,02,5f0f3c198f77bb3acad09a59,UNGWAN ZARA PASSALI,37/04/02/029,699824846a7216db797263f9,123543,1771935731622.0,1771690774151,97,31,5,699d97f30462c6001ca09872,31,98,26,37_04_02_029.jpg,https://inc-s3-cache.incportals.com/cached/express/results/2843/15/279/3265/675305/b92f3bd9-3b69-4a0b-8f7b-a7167c5218a0.jpg,0,0,0,0,8,8,1,0,8,1,0
FCT,KUJE,CHIBIRI,02,5f0f3c198f77bb3acad09a59,SHETIGO CHIEF PALACE,37/04/02/015,699824846a7216db797263e6,123529,1771935698386.0,1771706168921,664,168,9,699d97d20462c6001ca08d00,168,664,167,37_04_02_015.jpg,https://inc-s3-cache.incportals.com/cached/express/results/2843/15/279/3265/636680/87f44ba9-8163-412b-a3b6-63437b6fd41c.jpg,0,0,2,0,53,25,1,0,86,0,0
FCT,KUJE,CHIBIRI,02,5f0f3c198f77bb3acad09a59,FMW AND HOUSING ESTATE,37/04/02/019,699824846a7216db79726401,123533,1771935671396.0,1771935671297,59,0,0,699d97b70462c6001ca08358,0,59,0,37_04_02_019.jpg,https://inc-s3-cache.incportals.com/cached/express/results/2843/15/279/3265/617990/94f51350-c3a0-4a48-a12d-35fa740f9e78.jpg,0,0,0,0,0,0,0,0,0,0,0
FCT,KUJE,CHIBIRI,02,5f0f3c198f77bb3acad09a59,JSS CHUKUKU,37/04/02/037,699824846a7216db7972640b,123551,1771935669939.0,1771692655108,738,224,20,699d97b50462c6001ca082e6,217,738,203,37_04_02_037.jpg,https://inc-s3-cache.incportals.com/cached/express/results/2843/15/279/3265/636658/cc36bef3-6eef-4a41-9fc5-f41f0c81739b.jpg,0,0,2,1,81,35,0,0,83,1,0
FCT,KUJE,CHIBIRI,02,5f0f3c198f77bb3acad09a59,KIYI JSS,37/04/02/013,699824846a7216db797263ec,123527,1771935339261.0,1771695038186,836,232,2,699d966b0462c6001ca01e0e,232,836,230,37_04_02_013.jpg,https://inc-s3-cache.incportals.com/cached/express/results/2843/15/279/3265/636683/2baafd5f-7242-4e39-8e43-e96c8919bdca.jpg,0,0,2,0,88,59,0,0,81,0,0
FCT,KUJE,CHIBIRI,02,5f0f3c198f77bb3acad09a59,PASSALI/OPEN SPACE IMMIGRATION OFFICE,37/04/02/025,699824846a7216db7972640c,123539,1771935333680.0,1771692509608,64,11,0,699d96650462c6001ca01cd8,11,64,11,37_04_02_025.jpg,https://inc-s3-cache.incportals.com/cached/express/results/2843/15/279/3265/636670/296c4d9d-b797-4fbc-b598-87a3ec96383f.jpg,0,0,4,0,2,0,0,2,3,0,0
FCT,KUJE,CHIBIRI,02,5f0f3c198f77bb3acad09a59,KIYI OVERHEAD TANK LEA KIYI,37/04/02/011,699824846a7216db797263f6,123525,1771935316943.0,1771692255940,746,154,0,699d96540462c6001ca019da,154,746,154,37_04_02_011.jpg,https://inc-s3-cache.incportals.com/cached/express/results/2843/15/279/3265/636684/377e42ea-c1ec-4c6d-97fc-73c3cafe6e2b.jpg,0,0,1,1,60,39,0,0,53,0,0
FCT,KUJE,KUJE,01,5f0f3c198f77bb3acad09a58,SUNDABA PRIMARY SCHOOL OPPOSITE ST LUKE T CHURCH,37/04/01/062,699824846a7216db79726437,123500,1771937710464.0,1771720088282,2,18,0,699d9fae0462c6001ca32c80,18,49,18,37_04_01_062.jpg,https://inc-s3-cache.incportals.com/cached/express/results/2843/15/279/3264/675300/ef62939d-2862-4cd9-8a47-323bf67b691a.jpg,0,0,3,0,7,1,0,0,7,0,0
FCT,KUJE,KUJE,01,5f0f3c198f77bb3acad09a58,LOW-COST/MASS AGENCY,37/04/01/006,699824846a7216db79726451,42084,1771937636608.0,1771692095151,752,81,1,699d9f6448bca2819b8a07bd,81,753,80,37_04_01_006.jpg,https://inc-s3-cache.incportals.com/cached/express/results/2843/15/279/3264/42047/e03238bc-23b7-4afc-ba67-4484b9c2ded3.jpg,0,0,1,1,19,6,0,0,53,0,0
FCT,KUJE,KUJE,01,5f0f3c198f77bb3acad09a58,DAMAKUSA OPEN SPACE IN FRONT OF ECWA CHURCH,37/04/01/047,699824846a7216db7972643f,123485,1771937596091.0,1771692462050,200,114,7,699d9f3b48bca2819b8a0683,114,179,107,37_04_01_047.jpg,https://inc-s3-cache.incportals.com/cached/express/results/2843/15/279/3264/636718/fdce5c40-36be-4f2c-a50f-6ade2cf164e4.jpg,0,0,6,0,40,2,0,5,54,0,0
FCT,KUJE,KUJE,01,5f0f3c198f77bb3acad09a58,OPPOSITE DEEPER LIFE CHURCH,37/04/01/029,699824846a7216db79726443,123467,1771937563047.0,1771692498647,750,107,3,699d9f1a0462c6001ca3106b,107,745,104,37_04_01_029.jpg,https://inc-s3-cache.incportals.com/cached/express/results/2843/15/279/3264/617424/c4b46c62-1403-4bd6-9aab-ccb1288d9c3f.jpg,0,0,2,0,35,7,0,2,58,0,0
FCT,KUJE,KUJE,01,5f0f3c198f77bb3acad09a58,"GODOJI,GODOJI/PRIMARY SCH.",37/04/01/007,699824846a7216db79726439,42085,1771937547824.0,1771696445707,1100,272,8,699d9f0b0462c6001ca30bea,270,1063,262,37_04_01_007.jpg,https://inc-s3-cache.incportals.com/cached/express/results/2843/15/279/3264/42048/11918e26-db00-4c34-b96c-702b953b1e87.jpg,1,0,10,0,118,38,1,0,94,0,0
FCT,KUJE,KUJE,01,5f0f3c198f77bb3acad09a58,WURU OPPOSITE FCMB WURU,37/04/01/039,699824846a7216db79726433,123477,1771937467930.0,1771693565314,400,85,12,699d9ebb0462c6001ca2f112,85,329,73,37_04_01_039.jpg,https://inc-s3-cache.incportals.com/cached/express/results/2843/15/279/3264/636726/320dfe3e-9f91-417f-be55-5a673b4004d7.jpg,0,0,2,0,26,1,0,1,43,0,0
FCT,KUJE,KUJE,01,5f0f3c198f77bb3acad09a58,OVERHEAD TANK WUMI,37/04/01/068,699824846a7216db79726452,123506,1771937447158.0,1771692104703,35,30,0,699d9ea70462c6001ca2e9f9,30,35,30,37_04_01_068.jpg,https://inc-s3-cache.incportals.com/cached/express/results/2843/15/279/3264/636697/a7bb0f70-7012-4a0b-a47f-fc7737be6431.jpg,0,0,0,0,14,0,0,0,16,0,0
FCT,KUJE,KUJE,01,5f0f3c198f77bb3acad09a58,SAUKA EXTENTION,37/04/01/051,699824846a7216db79726429,123489,1771937444479.0,1771706535648,1140,124,2,699d9ea448bca2819b8a0316,124,1140,122,37_04_01_051.jpg,https://inc-s3-cache.incportals.com/cached/express/results/2843/15/279/3264/617984/e5f9d18b-7ea4-4d79-aa64-02a19dfdb864.jpg,1,0,5,0,37,3,0,0,76,0,0
FCT,KUJE,KUJE,01,5f0f3c198f77bb3acad09a58,SUNDABA PRIMARY SCHOOL,37/04/01/059,699824846a7216db7972644f,123497,1771937427156.0,1771692350747,1221,183,14,699d9e930462c6001ca2e347,181,1222,167,37_04_01_059.jpg,https://inc-s3-cache.incportals.com/cached/express/results/2843/15/279/3264/617427/9eb8aea0-4a42-4c1c-9252-db1681896657.jpg,0,0,8,0,69,14,0,1,75,0,0
FCT,KUJE,KUJE,01,5f0f3c198f77bb3acad09a58,SAUKA BY ECWA CHURCH,37/04/01/042,699824846a7216db79726453,123480,1771937413151.0,1771692439114,1420,134,1,699d9e850462c6001ca2de63,134,809,133,37_04_01_042.jpg,https://inc-s3-cache.incportals.com/cached/express/results/2843/15/279/3264/636722/30e044f7-95ca-4a02-8e25-3ed1c31e21ce.jpg,1,0,6,0,67,2,0,2,55,0,0
FCT,KUJE,KUJE,01,5f0f3c198f77bb3acad09a58,OPEN SPACE SNR STAFF QUARTER,37/04/01/041,699824846a7216db7972642b,123479,1771937352934.0,1771691017519,63,16,3,699d9e480462c6001ca2c9e1,16,63,13,37_04_01_041.jpg,https://inc-s3-cache.incportals.com/cached/express/results/2843/15/279/3264/636724/b8b68596-7118-45d6-8c55-8d885491db98.jpg,0,0,0,0,2,0,0,0,11,0,0
FCT,KUJE,KUJE,01,5f0f3c198f77bb3acad09a58,OVERHEAD TANK OF CHIEF PALACE BUZUNKURE,37/04/01/073,699824846a7216db7972640d,123511,1771937344969.0,1771695008271,177,115,6,699d9e400462c6001ca2c749,115,177,109,37_04_01_073.jpg,https://inc-s3-cache.incportals.com/cached/express/results/2843/15/279/3264/636692/089cf055-b7e3-4405-be50-5aac8d65e5cc.jpg,0,0,1,1,59,3,0,2,43,0,0
FCT,KUJE,KUJE,01,5f0f3c198f77bb3acad09a58,KUJE STADIUM BY HANDBALL FIELD,37/04/01/053,699824846a7216db79726424,123491,1771937344615.0,1771691009345,549,51,2,699d9e400462c6001ca2c729,51,549,49,37_04_01_053.jpg,https://inc-s3-cache.incportals.com/cached/express/results/2843/15/279/3264/636712/a9f1cace-e7d2-4364-be5b-1482cfee6d03.jpg,0,0,8,0,7,1,0,3,30,0,0
FCT,KUJE,KUJE,01,5f0f3c198f77bb3acad09a58,KAYARDA/KAYARDA PRI. SCH.,37/04/01/004,699824846a7216db79726458,42082,1771937326088.0,1771702208851,800,118,0,699d9e2e0462c6001ca2c10d,118,796,117,37_04_01_004.jpg,https://inc-s3-cache.incportals.com/cached/express/results/2843/15/279/3264/42045/614c3b6b-2a44-476c-bc4b-a5a442b4d1e2.jpg,0,0,2,1,49,10,0,2,53,0,0
FCT,KUJE,KUJE,01,5f0f3c198f77bb3acad09a58,PRISON COMMAND/027 OPP APEX FAITH INTERNATIONAL CHURCH,37/04/01/027,699824846a7216db79726448,123465,1771937288619.0,1771692449621,101,25,0,699d9e080462c6001ca2b447,25,101,25,37_04_01_027.jpg,https://inc-s3-cache.incportals.com/cached/express/results/2843/15/279/3264/636738/b8535d0e-b0a0-45fc-b1a4-c938d0d34dd6.jpg,0,0,0,0,13,3,0,0,9,0,0
FCT,KUJE,KUJE,01,5f0f3c198f77bb3acad09a58,ZONE B,37/04/01/021,699824846a7216db7972643c,123459,1771937279358.0,1771691853465,213,61,0,699d9dff0462c6001ca2b13b,61,215,61,37_04_01_021.jpg,https://inc-s3-cache.incportals.com/cached/express/results/2843/15/279/3264/636744/3642ccd2-face-408d-b9ad-a09b8b6ee5bc.jpg,0,0,1,0,14,2,0,2,42,0,0
FCT,KUJE,KUJE,01,5f0f3c198f77bb3acad09a58,SUNDABA PRIMARY SCHOOL IN FRONT OF OVERHEAD TANK,37/04/01/061,699824846a7216db7972643e,123499,1771937168261.0,1771704729512,754,93,8,699d9d900462c6001ca28afc,93,754,90,37_04_01_061.jpg,https://inc-s3-cache.incportals.com/cached/express/results/2843/15/279/3264/675299/55883fdb-7472-4af8-a00b-e4e3531ece85.jpg,0,0,2,0,28,11,0,0,49,0,0
FCT,KUJE,KUJE,01,5f0f3c198f77bb3acad09a58,GOFE PRIMARY SCHOOL PLAYGROUND,37/04/01/064,699824846a7216db79726430,123502,1771937153238.0,1771705804944,331,192,29,699d9d810462c6001ca285da,193,331,164,37_04_01_064.jpg,https://inc-s3-cache.incportals.com/cached/express/results/2843/15/279/3264/675301/ea332e3e-6dd3-469f-9da3-3b4f1240ef06.jpg,0,0,1,0,78,4,0,0,81,0,0
FCT,KUJE,KUJE,01,5f0f3c198f77bb3acad09a58,CENTRAL PRIMARY SCHOOL BESIDE BLOCK D,37/04/01/009,699824846a7216db7972642d,123447,1771937116849.0,1771692652301,669,128,7,699d9d5c0462c6001ca27967,128,669,121,37_04_01_009.jpg,https://inc-s3-cache.incportals.com/cached/express/results/2843/15/279/3264/636756/10891fd2-7235-4df3-9126-d717dcfefc70.jpg,0,0,2,0,51,2,1,2,62,1,0
FCT,KUJE,KUJE,01,5f0f3c198f77bb3acad09a58,KUJE STADIUM BY HANDBALL FIELD,37/04/01/054,699824846a7216db79726412,123492,1771937106476.0,1771692496521,536,77,3,699d9d520462c6001ca275a1,74,545,74,37_04_01_054.jpg,https://inc-s3-cache.incportals.com/cached/express/results/2843/15/279/3264/636711/2cbde438-b35d-46a2-9411-8c1b0d1f7ba0.jpg,0,0,5,0,27,2,0,0,40,0,0
FCT,KUJE,KUJE,01,5f0f3c198f77bb3acad09a58,J.S.S KAYARDA OPP SCHOOL FOOTBALL FIELD,37/04/01/032,699824846a7216db79726455,123470,1771937067514.0,1771706560373,182,182,4,699d9d2b0462c6001ca267e9,182,844,173,37_04_01_032.jpg,https://inc-s3-cache.incportals.com/cached/express/results/2843/15/279/3264/636733/f6b9d3f0-07fa-43e0-b21e-262bbf84f273.jpg,0,0,1,0,63,30,0,1,83,0,0
FCT,KUJE,KUJE,01,5f0f3c198f77bb3acad09a58,KUJE STADIUM BY FOOTBALL FIELD,37/04/01/055,699824846a7216db79726418,123493,1771937025200.0,1771705086645,348,63,2,699d9d010462c6001ca25975,63,578,61,37_04_01_055.jpg,https://inc-s3-cache.incportals.com/cached/express/results/2843/15/279/3264/636710/d1edcb0e-f6a4-425c-94e2-7d64b93685b5.jpg,1,0,0,1,23,1,0,0,35,0,0
FCT,KUJE,KUJE,01,5f0f3c198f77bb3acad09a58,KUJE CENTRAL/CENTRAL PRI. SCH.,37/04/01/001,699824846a7216db79726438,42079,1771937014014.0,1771704908061,900,150,13,699d9cf50462c6001ca25589,150,860,137,37_04_01_001.jpg,https://inc-s3-cache.incportals.com/cached/express/results/2843/15/279/3264/42042/905c0f79-348d-45a7-8182-0a5bb08a2281.jpg,1,1,0,0,61,13,0,1,59,1,0
FCT,KUJE,KUJE,01,5f0f3c198f77bb3acad09a58,KAYARDA/KAYARDA PRI. SCH.,37/04/01/003,699824846a7216db7972642a,42081,1771936919302.0,1771692370955,1212,188,11,699d9c970462c6001ca233d5,187,1212,176,37_04_01_003.jpg,https://inc-s3-cache.incportals.com/cached/express/results/2843/15/279/3264/42044/91e8c009-ffb9-40bd-b658-bb5dd9d04ca8.jpg,0,0,2,1,62,26,2,5,77,1,0
FCT,KUJE,KUJE,01,5f0f3c198f77bb3acad09a58,OPP EAGLE HOUSE SCHOOL LOW-COST,37/04/01/058,699824846a7216db7972642c,123496,1771936878523.0,1771692253546,200,34,0,699d9c6e0462c6001ca225de,34,188,34,37_04_01_058.jpg,https://inc-s3-cache.incportals.com/cached/express/results/2843/15/279/3264/636707/b51f79f6-f5e2-4a52-bd57-6620ccb6489e.jpg,0,0,6,0,8,3,0,2,15,0,0
FCT,KUJE,KUJE,01,5f0f3c198f77bb3acad09a58,UNGWAN BOYI,37/04/01/018,699824846a7216db79726428,123456,1771936850102.0,1771691987349,833,189,13,699d9c520462c6001ca21bbb,188,834,175,37_04_01_018.jpg,https://inc-s3-cache.incportals.com/cached/express/results/2843/15/279/3264/636747/ab4c91f0-310e-4aee-aa20-1f23f773d0d8.jpg,0,0,0,0,60,9,1,0,105,0,0
FCT,KUJE,KUJE,01,5f0f3c198f77bb3acad09a58,DAMARUSA  OPEN SPACE INFRONT OF REDEEM CHURCH,37/04/01/046,699824846a7216db7972644c,123484,1771936782071.0,1771692080824,27,9,0,699d9c0d0462c6001ca2042a,8,27,8,37_04_01_046.jpg,https://inc-s3-cache.incportals.com/cached/express/results/2843/15/279/3264/636719/5514434a-03d6-4c8e-9c40-7782c7278dff.jpg,0,0,0,0,3,0,0,0,5,0,0
FCT,KUJE,KUJE,01,5f0f3c198f77bb3acad09a58,. ASSEMBLIES OF GOD CHURCH KAYARDA,37/04/01/034,699824846a7216db7972641f,123472,1771936761292.0,1771692398405,610,104,7,699d9bf90462c6001ca1fced,104,610,97,37_04_01_034.jpg,https://inc-s3-cache.incportals.com/cached/express/results/2843/15/279/3264/636731/84057fb4-3f75-44c6-80d9-8bbb01fb493f.jpg,0,0,1,1,42,15,1,0,37,0,0
FCT,KUJE,KUJE,01,5f0f3c198f77bb3acad09a58,UNGWAN KADUNA OPP CENTRAL MOSQUE,37/04/01/044,699824846a7216db7972644e,123482,1771936738976.0,1771691835871,800,136,0,699d9be20462c6001ca1f500,136,772,136,37_04_01_044.jpg,https://inc-s3-cache.incportals.com/cached/express/results/2843/15/279/3264/636721/3f15f57e-1b65-45d6-a7ac-f989bcfedd08.jpg,0,0,2,1,52,7,0,0,74,0,0
FCT,KUJE,KUJE,01,5f0f3c198f77bb3acad09a58,UNGWAN EGGON,37/04/01/048,699824846a7216db79726457,123486,1771936732369.0,1771692163684,966,135,1,699d9bdc0462c6001ca1f2b8,133,966,132,37_04_01_048.jpg,https://inc-s3-cache.incportals.com/cached/express/results/2843/15/279/3264/617426/af2ddf9c-168e-4f4c-b6fb-6445b8cff292.jpg,0,0,1,0,26,7,0,0,97,1,0
FCT,KUJE,KUJE,01,5f0f3c198f77bb3acad09a58,OPP DEEPER LIFE UNGWAN KADUNA,37/04/01/049,699824846a7216db7972640e,123487,1771936680820.0,1771692498647,1600,81,0,699d9ba80462c6001ca1e15a,81,751,81,37_04_01_049.jpg,https://inc-s3-cache.incportals.com/cached/express/results/2843/15/279/3264/675295/cf365580-501f-453d-8074-a285520b2cbd.jpg,0,0,3,0,32,0,0,0,45,0,1
FCT,KUJE,KUJE,01,5f0f3c198f77bb3acad09a58,PRIMARY SCHOOL BESIDE BLOCK K,37/04/01/010,699824846a7216db79726441,123448,1771936626499.0,1771692601956,646,139,5,699d9b720462c6001ca1cee6,139,647,134,37_04_01_010.jpg,https://inc-s3-cache.incportals.com/cached/express/results/2843/15/279/3264/636755/04e5424f-f309-4b78-9320-0a525f60d54d.jpg,0,0,2,2,51,4,0,1,74,0,0
FCT,KUJE,KUJE,01,5f0f3c198f77bb3acad09a58,TURKPEKI PRIMARY HEALTH CARE,37/04/01/070,699824846a7216db7972644b,123508,1771936591054.0,1771692547888,792,204,0,699d9b4e0462c6001ca1c2a8,204,796,204,37_04_01_070.jpg,https://inc-s3-cache.incportals.com/cached/express/results/2843/15/279/3264/636695/a75bf6dd-3d30-4c83-86ba-7e616257b088.jpg,0,0,3,1,123,8,1,0,68,0,0
FCT,KUJE,KUJE,01,5f0f3c198f77bb3acad09a58,JEDA RESETTLMENT,37/04/01/063,699824846a7216db79726425,123501,1771936519369.0,1771705268956,853,126,12,699d9b070462c6001ca1a9d6,126,854,114,37_04_01_063.jpg,https://inc-s3-cache.incportals.com/cached/express/results/2843/15/279/3264/617985/2a616dd7-ef19-450e-b62e-ba65828be0cd.jpg,0,0,4,1,57,19,1,3,29,0,0
FCT,KUJE,KUJE,01,5f0f3c198f77bb3acad09a58,FRONT OF OPEN SPACE SAUKA EXTENSION,37/04/01/040,699824846a7216db79726449,123478,1771936518649.0,1771692810781,20,4,0,699d9b060462c6001ca1a995,4,20,4,37_04_01_040.jpg,https://inc-s3-cache.incportals.com/cached/express/results/2843/15/279/3264/636725/116a8a7b-056c-4b8c-8e34-8c8dc783d746.jpg,0,0,0,0,2,0,0,0,2,0,0
FCT,KUJE,KUJE,01,5f0f3c198f77bb3acad09a58,LEA PRIMARY SCHOOL JEDA ADMIN BLOCK,37/04/01/066,699824846a7216db79726435,123504,1771936508768.0,1771705630168,812,151,16,699d9afc0462c6001ca1a610,151,812,135,37_04_01_066.jpg,https://inc-s3-cache.incportals.com/cached/express/results/2843/15/279/3264/675302/31a8666b-716b-4c18-b917-450d60a4a545.jpg,0,0,1,3,68,16,3,0,44,0,0
FCT,KUJE,KUJE,01,5f0f3c198f77bb3acad09a58,"TUKPEKI,TUKPEKI/ PRI. SCH.",37/04/01/008,699824846a7216db79726434,42086,1771936486461.0,1771692402527,1500,122,2,699d9ae60462c6001ca19e45,122,752,120,37_04_01_008.jpg,https://inc-s3-cache.incportals.com/cached/express/results/2843/15/279/3264/42049/989ac081-5028-40ec-b959-efeeed945cf9.jpg,0,0,6,0,46,6,0,3,59,0,0
FCT,KUJE,KUJE,01,5f0f3c198f77bb3acad09a58,JSS TUKPEKI IN FRONT OF ADMIN BLOCK,37/04/01/071,699824846a7216db7972641c,123509,1771936456600.0,1771692090364,736,93,3,699d9ac80462c6001ca193df,93,736,90,37_04_01_071.jpg,https://inc-s3-cache.incportals.com/cached/express/results/2843/15/279/3264/636694/f599b272-5c40-4f0c-97d9-2ead3e8c97be.jpg,0,0,8,0,36,3,0,0,43,0,0
FCT,KUJE,KUJE,01,5f0f3c198f77bb3acad09a58,FORMER WOWO PRIMARY SCHOOL,37/04/01/033,699824846a7216db79726414,123471,1771936408254.0,1771704937441,600,82,0,699d9a980462c6001ca1838e,81,614,81,37_04_01_033.jpg,https://inc-s3-cache.incportals.com/cached/express/results/2843/15/279/3264/636732/40a933a6-f6e5-4536-957e-739f3d0d5ba8.jpg,0,0,4,0,28,7,0,1,41,0,0
FCT,KUJE,KUJE,01,5f0f3c198f77bb3acad09a58,PRISON HEADQUATERS ROAD,37/04/01/038,699824846a7216db79726420,123476,1771936407206.0,1771692615425,900,47,1,699d9a970462c6001ca18330,47,841,46,37_04_01_038.jpg,https://inc-s3-cache.incportals.com/cached/express/results/2843/15/279/3264/617983/a042729e-7e2f-4583-a734-b4a4cc26dce9.jpg,0,0,6,0,18,1,0,1,20,0,0
FCT,KUJE,KUJE,01,5f0f3c198f77bb3acad09a58,KAUNA PLAZA,37/04/01/030,699824846a7216db7972643a,123468,1771936355678.0,1771691824556,640,120,13,699d9a630462c6001ca17137,120,640,107,37_04_01_030.jpg,https://inc-s3-cache.incportals.com/cached/express/results/2843/15/279/3264/675293/61139fb9-cabf-4165-bc52-949e2ffd3435.jpg,0,0,3,1,41,4,0,1,56,1,0
FCT,KUJE,KUJE,01,5f0f3c198f77bb3acad09a58,FOREST,37/04/01/014,699824846a7216db7972641e,123452,1771936280707.0,1771692687708,1229,94,1,699d9a180462c6001ca15763,94,1229,93,37_04_01_014.jpg,https://inc-s3-cache.incportals.com/cached/express/results/2843/15/279/3264/617423/487977a6-5c62-41de-beb4-9cdb8239bb3f.jpg,0,0,2,0,35,4,0,1,51,0,0
FCT,KUJE,KUJE,01,5f0f3c198f77bb3acad09a58,PHASE AA1 EXT/BESIDE AR-RAIHAAN ISLAMIC SCHOOL,37/04/01/028,699824846a7216db79726450,123466,1771936272738.0,1771705299461,22,23,1,699d9a100462c6001ca1546f,22,208,32,37_04_01_028.jpg,https://inc-s3-cache.incportals.com/cached/express/results/2843/15/279/3264/636737/b01d5eae-a4ba-4437-a30c-f4d7d2aa9be6.jpg,0,0,5,0,17,0,0,0,10,0,0
FCT,KUJE,KUJE,01,5f0f3c198f77bb3acad09a58,CENTRAL PRIMARY SCHOOL BESIDE BLOCK H,37/04/01/012,699824846a7216db79726432,123450,1771936272035.0,1771692588226,710,155,4,699d9a0f0462c6001ca15425,155,711,151,37_04_01_012.jpg,https://inc-s3-cache.incportals.com/cached/express/results/2843/15/279/3264/636753/d31277c9-7356-4faa-b677-f113bdab68fa.jpg,0,0,2,1,57,3,1,0,87,0,0
FCT,KUJE,KUJE,01,5f0f3c198f77bb3acad09a58,KUJE STADIUM BY FOOTBALL FIELD,37/04/01/056,699824846a7216db7972640f,123494,1771936271688.0,1771692302498,644,87,0,699d9a0f0462c6001ca15405,81,644,81,37_04_01_056.jpg,https://inc-s3-cache.incportals.com/cached/express/results/2843/15/279/3264/636709/6f81c029-2bd2-4018-a75b-0acdfd48a6f3.jpg,0,0,6,0,22,3,1,2,45,2,0
FCT,KUJE,KUJE,01,5f0f3c198f77bb3acad09a58,KAYARDA E.C.W.A CHURCH,37/04/01/025,699824846a7216db79726440,123463,1771936247572.0,1771694468034,800,175,29,699d99f70462c6001ca14b8c,175,765,146,37_04_01_025.jpg,https://inc-s3-cache.incportals.com/cached/express/results/2843/15/279/3264/636740/09e4e2ec-0442-461a-a273-91eeb7b53559.jpg,0,0,8,1,61,1,0,0,75,0,0
FCT,KUJE,KUJE,01,5f0f3c198f77bb3acad09a58,KUCHIYAKO SETTLMENT,37/04/01/075,699824846a7216db79726456,123513,1771936236314.0,1771705121542,1500,234,37,699d99ec0462c6001ca1479c,234,1490,197,37_04_01_075.jpg,https://inc-s3-cache.incportals.com/cached/express/results/2843/15/279/3264/617988/82a93351-9759-4a76-a4dd-2db70cc881b7.jpg,0,0,9,1,50,2,0,0,135,0,0
FCT,KUJE,KUJE,01,5f0f3c198f77bb3acad09a58,AB-PRESTIGE ACADEMY,37/04/01/020,699824846a7216db7972641b,123458,1771936235272.0,1771706525210,306,140,14,699d99eb0462c6001ca14744,140,306,126,37_04_01_020.jpg,https://inc-s3-cache.incportals.com/cached/express/results/2843/15/279/3264/636745/7dbf3844-e99f-4c87-ac53-404266fcd292.jpg,0,0,0,1,55,1,0,0,68,0,0
FCT,KUJE,KUJE,01,5f0f3c198f77bb3acad09a58,KUCHIYAKO OPPOSITE CHIEF PALACE,37/04/01/076,699824846a7216db79726416,123514,1771936169529.0,1771704723636,8,322,7,699d99a90462c6001ca130d1,329,773,322,37_04_01_076.jpg,https://inc-s3-cache.incportals.com/cached/express/results/2843/15/279/3264/675303/50be770a-a556-49f2-b0f1-cae60e393fd3.jpg,0,0,8,2,108,8,0,1,195,0,0
FCT,KUJE,KUJE,01,5f0f3c198f77bb3acad09a58,SUNDABA ECWA CHURCH BY TRANSFORMER,37/04/01/060,699824846a7216db79726426,123498,1771936168465.0,1771705118845,93,64,2,699d99a80462c6001ca1306b,63,94,61,37_04_01_060.jpg,https://inc-s3-cache.incportals.com/cached/express/results/2843/15/279/3264/675298/977517dd-a9b1-4ec4-bd08-464f6075c221.jpg,0,0,2,0,12,9,0,1,37,0,0
FCT,KUJE,KUJE,01,5f0f3c198f77bb3acad09a58,BUZUNKURE PRIMARY SCHOOL,37/04/01/072,699824846a7216db79726417,123510,1771936148665.0,1771692340493,304,140,3,699d99940462c6001ca12960,140,304,137,37_04_01_072.jpg,https://inc-s3-cache.incportals.com/cached/express/results/2843/15/279/3264/636693/d4110b02-ce09-4cfb-b32c-365ae8e6f8fd.jpg,0,0,3,0,66,6,0,1,61,0,0
FCT,KUJE,KUJE,01,5f0f3c198f77bb3acad09a58,OPEN SPACE OVER HEAD TANK,37/04/01/024,699824846a7216db79726423,123462,1771936141903.0,1771705507521,122,122,0,699d998d0462c6001ca12718,121,758,121,37_04_01_024.jpg,https://inc-s3-cache.incportals.com/cached/express/results/2843/15/279/3264/636741/6ebef69c-936d-416a-80f5-284446da97a4.jpg,0,0,2,0,55,12,0,0,52,0,0
FCT,KUJE,KUJE,01,5f0f3c198f77bb3acad09a58,DADDIN KOWA BESIDE TRANSFORMER,37/04/01/050,699824846a7216db79726447,123488,1771936042527.0,1771706533487,800,94,7,699d992a0462c6001ca103e7,93,756,93,37_04_01_050.jpg,https://inc-s3-cache.incportals.com/cached/express/results/2843/15/279/3264/675296/208ad7c8-7468-4701-9072-f8bf0d0f0c98.jpg,0,0,0,0,23,2,0,1,60,0,0
FCT,KUJE,KUJE,01,5f0f3c198f77bb3acad09a58,OPEN SPACE BY TRANSFORMER OPP GODDOJI PRIMARY SCHOOL,37/04/01/067,699824846a7216db79726421,123505,1771936040424.0,1771693776328,717,226,6,699d99280462c6001ca10337,226,717,220,37_04_01_067.jpg,https://inc-s3-cache.incportals.com/cached/express/results/2843/15/279/3264/636698/27757708-9149-4e97-8a1c-192fefb7b7e7.jpg,0,0,3,0,74,25,0,1,117,0,0
FCT,KUJE,KUJE,01,5f0f3c198f77bb3acad09a58,KAYARDA PRIMARY SCHOOL/ADMIN BLOCK,37/04/01/026,699824846a7216db79726411,123464,1771936026000.0,1771693026350,806,92,5,699d99190462c6001ca0fe11,92,806,87,37_04_01_026.jpg,https://inc-s3-cache.incportals.com/cached/express/results/2843/15/279/3264/636739/639b21d8-19c6-4e71-a522-cdc10ef9d291.jpg,0,0,1,0,33,14,0,0,39,0,0
FCT,KUJE,KUJE,01,5f0f3c198f77bb3acad09a58,CENI RAL PRIMARY SCHOOL BESIDE BLOCK I,37/04/01/011,699824846a7216db79726410,123449,1771936002639.0,1771702926685,700,92,1,699d99020462c6001ca0f5c4,92,700,91,37_04_01_011.jpg,https://inc-s3-cache.incportals.com/cached/express/results/2843/15/279/3264/636754/e5ba382e-e13e-4dcb-ab4f-eb0681049c27.jpg,0,0,2,0,31,3,0,2,53,0,0
FCT,KUJE,KUJE,01,5f0f3c198f77bb3acad09a58,UNION HOMES ESTATE GATE,37/04/01/074,699824846a7216db79726413,123512,1771935987364.0,1771704935501,848,731,0,699d98f30462c6001ca0f098,115,848,115,37_04_01_074.jpg,https://inc-s3-cache.incportals.com/cached/express/results/2843/15/279/3264/617987/25c420fe-f7ef-402b-854b-d417a2d7f293.jpg,0,0,5,0,95,1,0,0,14,0,0
FCT,KUJE,KUJE,01,5f0f3c198f77bb3acad09a58,SAUKA/ KOFAR SARKI,37/04/01/005,699824846a7216db7972643d,42083,1771935964130.0,1771702955398,1810,223,6,699d98dc0462c6001ca0e88f,216,1804,211,37_04_01_005.jpg,https://inc-s3-cache.incportals.com/cached/express/results/2843/15/279/3264/42046/ab896bdb-a52c-4fb7-a11c-3f0a0fac2729.jpg,0,0,3,0,84,2,0,0,122,0,0
FCT,KUJE,KUJE,01,5f0f3c198f77bb3acad09a58,KAYADA OPPOSITE DEEPER LIFE,37/04/01/031,699824846a7216db79726444,123469,1771935908021.0,1771706525969,600,87,9,699d98a30462c6001ca0d51e,87,576,77,37_04_01_031.jpg,https://inc-s3-cache.incportals.com/cached/express/results/2843/15/279/3264/617851/f8d3cf42-1079-4a1d-93a9-2b14b32ccdb2.jpg,0,0,0,0,32,2,1,0,43,0,0
FCT,KUJE,KUJE,01,5f0f3c198f77bb3acad09a58,LOW-COST/MASS AGENCY/ADMIN BLOCK,37/04/01/057,699824846a7216db7972644d,123495,1771935886388.0,1771692455662,553,63,0,699d988e0462c6001ca0cdc0,61,553,61,37_04_01_057.jpg,https://inc-s3-cache.incportals.com/cached/express/results/2843/15/279/3264/636708/e7f80fa1-aa43-4993-9fa7-af774b109ee2.jpg,0,0,4,0,31,2,0,0,24,0,0
FCT,KUJE,KUJE,01,5f0f3c198f77bb3acad09a58,OPEN SPACE OVERHEAD TANKSAUKA BESIDE AMAZING GRACE,37/04/01/045,699824846a7216db7972641d,123483,1771935790978.0,1771706528538,23,9,2,699d982e0462c6001ca0acf9,6,23,6,37_04_01_045.jpg,https://inc-s3-cache.incportals.com/cached/express/results/2843/15/279/3264/636720/28301a2f-2905-456b-9136-b786cebfe645.jpg,0,0,1,0,1,0,0,0,2,0,0
FCT,KUJE,KUJE,01,5f0f3c198f77bb3acad09a58,KUJE CENTRAL/CENTRAL PRI. SCH.,37/04/01/002,699824846a7216db79726454,42080,1771935776774.0,1771695575887,864,152,12,699d98200462c6001ca0a7da,152,864,140,37_04_01_002.jpg,https://inc-s3-cache.incportals.com/cached/express/results/2843/15/279/3264/42043/70a74bb7-a62b-45fe-956c-19ec78f75880.jpg,0,0,5,0,57,7,0,3,68,0,0
FCT,KUJE,KUJE,01,5f0f3c198f77bb3acad09a58,UNITY ESTATE BY MERCY MODEL JUNCTION,37/04/01/016,699824846a7216db7972642f,123454,1771935764891.0,1771692491241,119,26,2,699d98140462c6001ca0a38a,26,119,24,37_04_01_016.jpg,https://inc-s3-cache.incportals.com/cached/express/results/2843/15/279/3264/675292/5c6b85a6-1f56-4c19-8a9a-9a43e7212f2c.jpg,0,0,1,0,10,1,0,1,11,0,0
FCT,KUJE,KUJE,01,5f0f3c198f77bb3acad09a58,PEACE QUARTER BESIDE H-KIDDIES,37/04/01/022,699824846a7216db7972642e,123460,1771935714929.0,1771692267125,119,61,0,699d97e20462c6001ca0928b,61,119,61,37_04_01_022.jpg,https://inc-s3-cache.incportals.com/cached/express/results/2843/15/279/3264/636743/4f2f380a-8ca5-47e1-aa25-2862fe2aebb2.jpg,0,0,2,0,46,5,0,0,8,0,0
FCT,KUJE,KUJE,01,5f0f3c198f77bb3acad09a58,STAFF QUARTERS B. BRIGHTER HOPE INTERNATIONAL SCHOOL,37/04/01/037,699824846a7216db79726427,123475,1771935685323.0,1771704213572,51,9,0,699d97c50462c6001ca0881e,8,52,8,37_04_01_037.jpg,https://inc-s3-cache.incportals.com/cached/express/results/2843/15/279/3264/675294/3466cb9d-82ad-44b9-961f-9c8b6653be4c.jpg,0,0,2,0,3,0,0,0,3,0,0
FCT,KUJE,KUJE,01,5f0f3c198f77bb3acad09a58,GRADE 1 AREA COURT,37/04/01/019,699824846a7216db7972643b,123457,1771935681015.0,1771704756869,858,183,4,699d97c00462c6001ca086a6,182,812,178,37_04_01_019.jpg,https://inc-s3-cache.incportals.com/cached/express/results/2843/15/279/3264/636746/2d640542-db27-4200-9733-4a3dbd551d31.jpg,0,0,1,2,78,12,0,1,84,0,0
FCT,KUJE,KUJE,01,5f0f3c198f77bb3acad09a58,OLD ABBATOIR CLOSE TO MTN MAST,37/04/01/015,699824846a7216db79726446,123453,1771935654578.0,1771706529252,361,152,0,699d97a60462c6001ca07d59,159,361,152,37_04_01_015.jpg,https://inc-s3-cache.incportals.com/cached/express/results/2843/15/279/3264/675291/3f9cff25-6a3b-4e50-8ed7-ad699ee42468.jpg,0,0,1,0,65,5,4,1,77,0,0
FCT,KUJE,KUJE,01,5f0f3c198f77bb3acad09a58,OPEN SPACE WISDOM INTERNATIONAL SCHOOL,37/04/01/023,699824846a7216db79726445,123461,1771935596380.0,1771697704408,800,60,1,699d976c0462c6001ca0694c,60,747,59,37_04_01_023.jpg,https://inc-s3-cache.incportals.com/cached/express/results/2843/15/279/3264/636742/d0f91920-6fb5-4ade-825c-c78b19eabc15.jpg,0,0,1,0,22,1,0,4,31,0,0
FCT,KUJE,KUJE,01,5f0f3c198f77bb3acad09a58,BEHIND AREA COUNCIL  SECRETARIAT OPEN SPACE,37/04/01/035,699824846a7216db79726442,123473,1771935548155.0,1771706616545,700,127,3,699d973c0462c6001ca05864,117,696,117,37_04_01_035.jpg,https://inc-s3-cache.incportals.com/cached/express/results/2843/15/279/3264/636730/7349252c-7532-4575-9c82-3430d837ffd0.jpg,6,0,1,0,38,1,0,1,67,0,0
FCT,KUJE,KUJE,01,5f0f3c198f77bb3acad09a58,CENTRAL PRIMARY SCHOOL BESIDE BLOCKG,37/04/01/013,699824846a7216db79726436,123451,1771935481737.0,1771692442603,800,108,10,699d96f90462c6001ca041f4,108,786,98,37_04_01_013.jpg,https://inc-s3-cache.incportals.com/cached/express/results/2843/15/279/3264/636752/85a71840-19c9-4029-be8b-4ac39d8600bc.jpg,0,0,2,0,41,2,1,1,51,0,0
FCT,KUJE,KUJE,01,5f0f3c198f77bb3acad09a58,CENTRAL PRIMARY SCHOOL/OUTSID E PLAYGROUND,37/04/01/017,699824846a7216db7972641a,123455,1771935466252.0,1771706532904,800,173,2,699d96ea0462c6001ca03d79,173,797,170,37_04_01_017.jpg,https://inc-s3-cache.incportals.com/cached/express/results/2843/15/279/3264/636748/7ec257e4-0bf5-48a1-8bf0-ba30457b6817.jpg,0,0,0,1,61,5,0,1,103,0,0
FCT,KUJE,KUJE,01,5f0f3c198f77bb3acad09a58,OPP NEW WAVE BIBLE CHURCH SAUKA EXTENTION,37/04/01/052,699824846a7216db79726422,123490,1771935342467.0,1771692071169,747,81,3,699d966e0462c6001ca01ea2,81,747,78,37_04_01_052.jpg,https://inc-s3-cache.incportals.com/cached/express/results/2843/15/279/3264/675297/2bb70965-4226-4a31-a94f-de2371adaec5.jpg,0,0,1,0,22,1,0,0,54,0,0
FCT,KUJE,KUJE,01,5f0f3c198f77bb3acad09a58,SHAZHI PRIMARY SCHOOL ADMIN BLOCK,37/04/01/069,699824846a7216db79726419,123507,1771935321001.0,1771691174189,209,174,0,699d96580462c6001ca01aea,174,209,174,37_04_01_069.jpg,https://inc-s3-cache.incportals.com/cached/express/results/2843/15/279/3264/636696/241fdc45-e6b6-4d87-9eec-11d95aed33fd.jpg,0,0,0,0,61,5,0,1,107,0,0
FCT,KUJE,KUJE,01,5f0f3c198f77bb3acad09a58,LOW-COST/JEDA PRIMARY SCHOL,37/04/01/065,699824846a7216db79726431,123503,,,0,0,0,,0,0,0,,,0,0,0,0,0,0,0,0,0,0,0
FCT,KUJE,KUJE,01,5f0f3c198f77bb3acad09a58,GIDAN BREAD SAUKA,37/04/01/043,699824846a7216db7972644a,123481,,,0,0,0,,0,0,0,,,0,0,0,0,0,0,0,0,0,0,0
FCT,KUJE,KUJE,01,5f0f3c198f77bb3acad09a58,INTERLECTUAL SCHOOL,37/04/01/036,699824846a7216db79726415,123474,,,0,0,0,,0,0,0,,,0,0,0,0,0,0,0,0,0,0,0
FCT,KUJE,KABI,05,5f0f3c198f77bb3acad09a5c,AGWAI/PRIMARY SCHOOL,37/04/05/003,699824846a7216db79726462,42123,1772198583185.0,1772198583078,560,243,2,69a19ab70462c6001ca338f1,240,560,238,37_04_05_003.jpg,https://inc-s3-cache.incportals.com/cached/express/results/2843/15/279/3268/42075/150a1096-d474-41c9-b3ad-581b7818e329.jpg,0,0,0,0,95,2,0,0,141,0,0
FCT,KUJE,KABI,05,5f0f3c198f77bb3acad09a5c,GUMAYI/ PRIMARY SCHOOL,37/04/05/004,699824846a7216db7972645f,42124,1772027883715.0,1772027883606,1088,346,0,699effeb0462c6001ca3314e,346,1089,346,37_04_05_004.jpg,https://inc-s3-cache.incportals.com/cached/express/results/2843/15/279/3268/42076/42d03af3-d158-495b-8dd3-0a9bdcbd7590.jpg,0,0,0,1,121,154,0,1,69,0,0
FCT,KUJE,KABI,05,5f0f3c198f77bb3acad09a5c,TAKWA PRI SCH,37/04/05/008,699824846a7216db79726460,123619,1771937614494.0,1771770062833,825,355,1,699d9f4e0462c6001ca31e8d,355,825,354,37_04_05_008.jpg,https://inc-s3-cache.incportals.com/cached/express/results/2843/15/279/3268/636614/b4cff8b7-5272-451c-a4d9-38d65d93a2cd.jpg,0,0,0,2,286,30,0,0,36,0,0
FCT,KUJE,KABI,05,5f0f3c198f77bb3acad09a5c,JIGBA PRI SCH,37/04/05/013,699824846a7216db79726464,123624,1771937375572.0,1771777442865,11,10,0,699d9e5f0462c6001ca2d193,10,11,10,37_04_05_013.jpg,https://inc-s3-cache.incportals.com/cached/express/results/2843/15/279/3268/636609/fb53c756-68f3-469c-8e6f-7eb2250167ac.jpg,0,0,0,0,5,0,0,0,5,0,0
FCT,KUJE,KABI,05,5f0f3c198f77bb3acad09a5c,DUDA  /  PRIMARY SCHOOL,37/04/05/005,699824846a7216db79726468,42125,1771937112890.0,1771774142786,820,257,0,699d9d580462c6001ca277f5,257,820,257,37_04_05_005.jpg,https://inc-s3-cache.incportals.com/cached/express/results/2843/15/279/3268/42077/9446f2ba-10c1-4788-ad3c-4becf7580950.jpg,0,0,0,0,86,88,0,0,83,0,0
FCT,KUJE,KABI,05,5f0f3c198f77bb3acad09a5c,TUGBA PRI SCH,37/04/05/009,699824846a7216db7972645d,123620,1771936984877.0,1771777293291,85,76,2,699d9cd80462c6001ca24b33,75,85,73,37_04_05_009.jpg,https://inc-s3-cache.incportals.com/cached/express/results/2843/15/279/3268/636613/ff333081-8895-4415-b1a0-74ae3ffee90c.jpg,0,0,0,0,17,23,0,0,33,0,0
FCT,KUJE,KABI,05,5f0f3c198f77bb3acad09a5c,KABI MANGORO/PRIMARY SCHOOL,37/04/05/002,699824846a7216db79726463,42122,1771936810767.0,1771777802662,781,183,0,699d9c2a0462c6001ca20e3f,183,789,183,37_04_05_002.jpg,https://inc-s3-cache.incportals.com/cached/express/results/2843/15/279/3268/42074/473313ab-4b0b-4fc4-9bb1-0483f4ca2741.jpg,0,0,0,0,71,0,1,0,111,0,0
FCT,KUJE,KABI,05,5f0f3c198f77bb3acad09a5c,TUDE/ PRIMARY SCHOOL,37/04/05/006,699824846a7216db7972645b,42126,1771936790718.0,1771769553523,641,336,0,699d9c160462c6001ca2071f,336,641,336,37_04_05_006.jpg,https://inc-s3-cache.incportals.com/cached/express/results/2843/15/279/3268/42078/2545d785-aca0-4c9f-9ddd-8c226abe69cb.jpg,0,0,0,0,126,9,0,2,199,0,0
FCT,KUJE,KABI,05,5f0f3c198f77bb3acad09a5c,KASHIMORO PRI SCH,37/04/05/015,699824846a7216db79726466,123626,1771936690429.0,1771769523402,40,35,0,699d9bb20462c6001ca1e4b0,35,40,35,37_04_05_015.jpg,https://inc-s3-cache.incportals.com/cached/express/results/2843/15/279/3268/636608/14831f06-d046-48dc-9809-56485d1b5d0c.jpg,0,0,0,0,30,4,0,0,1,0,0
FCT,KUJE,KABI,05,5f0f3c198f77bb3acad09a5c,KWAKU SABO RESSETLEMENT,37/04/05/011,699824846a7216db79726461,123622,1771936589318.0,1771772222619,130,66,1,699d9b4d0462c6001ca1c218,66,130,64,37_04_05_011.jpg,https://inc-s3-cache.incportals.com/cached/express/results/2843/15/279/3268/636611/ac58a768-c481-47f2-a7b3-92ce22dd7643.jpg,0,0,0,0,7,2,0,0,54,1,0
FCT,KUJE,KABI,05,5f0f3c198f77bb3acad09a5c,KUMA PRI SCHOOL,37/04/05/014,699824846a7216db7972645a,123625,1771936563530.0,1771777263625,549,174,4,699d9b330462c6001ca1b932,173,549,170,37_04_05_014.jpg,https://inc-s3-cache.incportals.com/cached/express/results/2843/15/279/3268/636607/5e665b41-c89f-4d11-b2db-8fd0c5059df2.jpg,0,0,1,0,76,32,0,0,61,0,0
FCT,KUJE,KABI,05,5f0f3c198f77bb3acad09a5c,KUTADA PRIMARY SCH,37/04/05/016,699824846a7216db79726459,123627,1771936482838.0,1771777083306,122,93,1,699d9ae20462c6001ca19cf7,93,122,92,37_04_05_016.jpg,https://inc-s3-cache.incportals.com/cached/express/results/2843/15/279/3268/636606/923f875b-a4dc-4d5d-87c9-89c8b9d50e0a.jpg,0,0,0,0,29,27,0,0,36,0,0
FCT,KUJE,KABI,05,5f0f3c198f77bb3acad09a5c,KABIN MANGORO HEALTH CENTRE,37/04/05/010,699824846a7216db79726465,123621,1771936410011.0,1771777533509,635,155,3,699d9a990462c6001ca1842e,155,635,152,37_04_05_010.jpg,https://inc-s3-cache.incportals.com/cached/express/results/2843/15/279/3268/636612/332302b0-8fbc-4c2c-b4f0-dd7c3ba21c6b.jpg,0,0,0,2,78,1,0,0,70,1,0
FCT,KUJE,KABI,05,5f0f3c198f77bb3acad09a5c,KABI KASSA/PRIMARY SCHOOL,37/04/05/001,699824846a7216db7972645e,42121,1771935940630.0,1771776932993,817,332,12,699d98c40462c6001ca0e02c,324,817,312,37_04_05_001.jpg,https://inc-s3-cache.incportals.com/cached/express/results/2843/15/279/3268/42073/cdada6e3-5b5b-46b3-a448-0d22771b78e4.jpg,0,0,0,0,227,30,0,0,55,0,0
FCT,KUJE,KABI,05,5f0f3c198f77bb3acad09a5c,ACHIMBI / PRIMARY SCHOOL,37/04/05/007,699824846a7216db79726467,42127,1771935640595.0,1771777292372,737,315,1,699d97980462c6001ca07874,315,737,314,37_04_05_007.jpg,https://inc-s3-cache.incportals.com/cached/express/results/2843/15/279/3268/42079/0c4cebf4-5c25-427c-8276-608a8cc5ba4b.jpg,0,0,0,0,120,106,0,0,88,0,0
FCT,KUJE,KABI,05,5f0f3c198f77bb3acad09a5c,ANGWAN TIV,37/04/05/012,699824846a7216db7972645c,123623,1771935483942.0,1771777353010,51,29,1,699d96fb0462c6001ca0428c,29,51,28,37_04_05_012.jpg,https://inc-s3-cache.incportals.com/cached/express/results/2843/15/279/3268/618001/dbdf81e2-9e81-4387-a9a4-d845754d4999.jpg,0,0,0,0,15,2,0,0,11,0,0
FCT,KUJE,GUDUN KARYA,08,5f0f3c1a8f77bb3acad09a5f,GUDUN KARYA  /  PRIMARY SCHOOL,37/04/08/001,699824846a7216db7972647c,42146,1771937901760.0,1771778012618,864,281,7,699da068fa08f5822ca30d37,277,864,273,37_04_08_001.jpg,https://inc-s3-cache.incportals.com/cached/express/results/2843/15/279/3271/42098/c1fdca4e-3f71-473e-92d1-3623f6734739.jpg,1,0,0,1,78,50,0,2,140,0,1
FCT,KUJE,GUDUN KARYA,08,5f0f3c1a8f77bb3acad09a5f,GUDUN KAR YAGADE  / KOFAR SARKI,37/04/08/008,699824846a7216db79726470,42153,1771937608251.0,1771759264434,991,315,3,699d9f47fa08f5822ca309cf,315,991,312,37_04_08_008.jpg,https://inc-s3-cache.incportals.com/cached/express/results/2843/15/279/3271/42105/1e95319b-9bd9-4a58-886b-504ea9a8e25a.jpg,0,0,0,0,61,150,3,0,98,0,0
FCT,KUJE,GUDUN KARYA,08,5f0f3c1a8f77bb3acad09a5f,ZAGABUTU PRI HEALTH CENTRE,37/04/08/019,699824846a7216db7972646b,123680,1771937561052.0,1771759392195,434,166,1,699d9f180462c6001ca30fc1,166,434,165,37_04_08_019.jpg,https://inc-s3-cache.incportals.com/cached/express/results/2843/15/279/3271/636579/58cc7bf8-928f-4818-a6a2-b76f7164575a.jpg,0,0,0,0,56,19,0,1,89,0,0
FCT,KUJE,GUDUN KARYA,08,5f0f3c1a8f77bb3acad09a5f,GOVA PRIMARY SCHOOL,37/04/08/018,699824846a7216db7972647a,123679,1771937086805.0,1771759297590,75,48,0,699d9d3e0462c6001ca26e91,48,75,48,37_04_08_018.jpg,https://inc-s3-cache.incportals.com/cached/express/results/2843/15/279/3271/636580/e4a8d8de-25ec-4cb6-b034-555422b69089.jpg,0,0,0,0,23,0,0,0,25,0,0
FCT,KUJE,GUDUN KARYA,08,5f0f3c1a8f77bb3acad09a5f,JUNIOR SECONDARY SCHOOL HUNI GADE,37/04/08/011,699824846a7216db7972646f,123672,1771937022993.0,1771778793620,421,92,0,699d9cfe0462c6001ca258b7,92,421,92,37_04_08_011.jpg,https://inc-s3-cache.incportals.com/cached/express/results/2843/15/279/3271/618009/58bbb077-4dc1-4711-847d-e220961c2c59.jpg,0,0,0,0,30,30,0,0,32,0,0
FCT,KUJE,GUDUN KARYA,08,5f0f3c1a8f77bb3acad09a5f,AFFA/PRIMARY SCHOOL,37/04/08/004,699824846a7216db79726471,42149,1771936768384.0,1771759299884,878,267,1,699d9c000462c6001ca1ff77,267,878,266,37_04_08_004.jpg,https://inc-s3-cache.incportals.com/cached/express/results/2843/15/279/3271/42101/b8c0a9a0-27a7-4b5c-a4e8-df767a2a74b2.jpg,0,0,0,0,78,3,0,0,185,0,0
FCT,KUJE,GUDUN KARYA,08,5f0f3c1a8f77bb3acad09a5f,DARKA HEALTH CARE,37/04/08/015,699824846a7216db79726474,123676,1771936603434.0,1771778194266,572,158,0,699d9b5b0462c6001ca1c6de,158,572,158,37_04_08_015.jpg,https://inc-s3-cache.incportals.com/cached/express/results/2843/15/279/3271/636583/5f304214-1cb5-4011-bf77-5cb7985cb656.jpg,0,0,0,0,30,48,0,0,80,0,0
FCT,KUJE,GUDUN KARYA,08,5f0f3c1a8f77bb3acad09a5f,GUDUNKARYA GBAYI CHIEF PALACE,37/04/08/009,699824846a7216db79726478,123670,1771936597088.0,1771778402577,806,287,11,699d9b550462c6001ca1c4bc,287,806,280,37_04_08_009.jpg,https://inc-s3-cache.incportals.com/cached/express/results/2843/15/279/3271/636589/ed2c8b2b-157b-4f27-8e4d-9bbed8ecc287.jpg,0,0,0,0,86,40,0,0,154,0,0
FCT,KUJE,GUDUN KARYA,08,5f0f3c1a8f77bb3acad09a5f,TASHARA ANGWAN GWARI,37/04/08/014,699824846a7216db7972646e,123675,1771936437216.0,1771759300284,114,77,0,699d9ab50462c6001ca18d3e,77,114,77,37_04_08_014.jpg,https://inc-s3-cache.incportals.com/cached/express/results/2843/15/279/3271/618011/ae42493e-48f7-46bf-82f9-69e1a80be71a.jpg,0,0,0,0,32,10,0,0,35,0,0
FCT,KUJE,GUDUN KARYA,08,5f0f3c1a8f77bb3acad09a5f,BUGA GWARI,37/04/08/013,699824846a7216db79726477,123674,1771936346858.0,1771778523471,56,56,0,699d9a5a0462c6001ca16e11,56,81,56,37_04_08_013.jpg,https://inc-s3-cache.incportals.com/cached/express/results/2843/15/279/3271/618010/c66063f1-8fba-4f4b-bf05-f05a1b4e5313.jpg,0,0,0,0,37,7,0,0,12,0,0
FCT,KUJE,GUDUN KARYA,08,5f0f3c1a8f77bb3acad09a5f,DARKA CHIEF PALACE,37/04/08/016,699824846a7216db7972646d,123677,1771936334670.0,1771759271228,20,11,1,699d9a4e0462c6001ca169b5,11,20,10,37_04_08_016.jpg,https://inc-s3-cache.incportals.com/cached/express/results/2843/15/279/3271/636581/1610728a-89cb-4a10-8ed0-f6b007f51e08.jpg,0,0,0,0,2,3,0,0,5,0,0
FCT,KUJE,GUDUN KARYA,08,5f0f3c1a8f77bb3acad09a5f,GUDUNKARYA KOFAR SARKIN SHABA,37/04/08/010,699824846a7216db79726475,123671,1771936074677.0,1771692703211,96,55,0,699d994a0462c6001ca10f5b,54,96,54,37_04_08_010.jpg,https://inc-s3-cache.incportals.com/cached/express/results/2843/15/279/3271/636588/33754da4-649e-446b-ae0a-e040c9a6f0e9.jpg,0,0,0,0,9,32,0,0,13,0,0
FCT,KUJE,GUDUN KARYA,08,5f0f3c1a8f77bb3acad09a5f,HUNI GWARI CHIEF PALACE,37/04/08/012,699824846a7216db79726473,123673,1771936053111.0,1771692584709,51,37,0,699d99350462c6001ca107b3,37,51,37,37_04_08_012.jpg,https://inc-s3-cache.incportals.com/cached/express/results/2843/15/279/3271/636585/37b14d1d-5031-4fed-b409-6038052ef4b3.jpg,0,0,1,0,4,2,0,0,29,1,0
FCT,KUJE,GUDUN KARYA,08,5f0f3c1a8f77bb3acad09a5f,AFFA II. PRI SCHOOL,37/04/08/017,699824846a7216db7972646a,123678,1771935976274.0,1771759269940,75,48,0,699d98e80462c6001ca0ecd0,48,76,48,37_04_08_017.jpg,https://inc-s3-cache.incportals.com/cached/express/results/2843/15/279/3271/636582/8d543de0-fcfc-4030-baa7-af1135c71b00.jpg,0,0,0,0,19,1,0,0,28,0,0
FCT,KUJE,GUDUN KARYA,08,5f0f3c1a8f77bb3acad09a5f,DARKA  / PRIMARY SCHOOL,37/04/08/003,699824846a7216db79726472,42148,1771935939906.0,1771759332919,754,201,0,699d98c30462c6001ca0dfe2,201,754,201,37_04_08_003.jpg,https://inc-s3-cache.incportals.com/cached/express/results/2843/15/279/3271/42100/581408e2-221f-487e-9e24-22b7c36e8c18.jpg,0,0,0,0,27,54,0,0,120,0,0
FCT,KUJE,GUDUN KARYA,08,5f0f3c1a8f77bb3acad09a5f,HUNI  / PRIMARY SCHOOL,37/04/08/002,699824846a7216db7972647b,42147,1771935916083.0,1771778524024,760,76,0,699d98ac0462c6001ca0d7be,76,760,76,37_04_08_002.jpg,https://inc-s3-cache.incportals.com/cached/express/results/2843/15/279/3271/42099/629e6ac0-19b6-4736-89ec-6ddcd4447a1e.jpg,0,0,0,0,26,22,0,0,28,0,0
FCT,KUJE,GUDUN KARYA,08,5f0f3c1a8f77bb3acad09a5f,ZAGABUTU/PRIMARY SCHOOL,37/04/08/007,699824846a7216db7972646c,42152,1771935544241.0,1771778254144,768,183,4,699d97380462c6001ca05702,183,768,179,37_04_08_007.jpg,https://inc-s3-cache.incportals.com/cached/express/results/2843/15/279/3271/42104/0320fbb6-17b9-4d2b-b864-9eaf949f82a2.jpg,0,0,0,0,58,18,0,2,101,0,0
FCT,KUJE,GUDUN KARYA,08,5f0f3c1a8f77bb3acad09a5f,BUGA/PRIMARY SCHOOL,37/04/08/006,699824846a7216db79726469,42151,1771935473443.0,1771759414476,575,200,0,699d96f10462c6001ca03fa1,200,575,200,37_04_08_006.jpg,https://inc-s3-cache.incportals.com/cached/express/results/2843/15/279/3271/42103/56cff810-9efb-4dea-b31f-83d02c334f89.jpg,0,0,0,0,90,41,0,0,69,0,0
FCT,KUJE,GUDUN KARYA,08,5f0f3c1a8f77bb3acad09a5f,ADEGBA TASHARA/PRIMARY SCHOOL,37/04/08/005,699824846a7216db79726476,42150,1771935459230.0,1771778283546,757,267,1,699d96e30462c6001ca03b63,265,757,263,37_04_08_005.jpg,https://inc-s3-cache.incportals.com/cached/express/results/2843/15/279/3271/42102/dd090d87-9f15-4a68-b69d-be4791944f05.jpg,0,0,0,0,105,14,0,0,144,0,0
FCT,KUJE,GUDUN KARYA,08,5f0f3c1a8f77bb3acad09a5f,CHIEF PALACE TUTURUTU VILLAGE,37/04/08/020,699824846a7216db79726479,123681,1771935319158.0,1771707065958,37,30,0,699d96570462c6001ca01a82,20,37,20,37_04_08_020.jpg,https://inc-s3-cache.incportals.com/cached/express/results/2843/15/279/3271/636578/f25d7286-5306-4d9f-895a-589288939b1f.jpg,0,0,0,0,3,20,0,1,5,1,0
FCT,KUJE,GWARGWADA,07,5f0f3c1a8f77bb3acad09a5e,KOPIGBA COMMUNITY,37/04/07/010,699824846a7216db79726482,123661,1771937349637.0,1771706915152,221,168,0,699d9e4548bca2819b8a00b2,167,221,165,37_04_07_010.jpg,https://inc-s3-cache.incportals.com/cached/express/results/2843/15/279/3270/636590/b0d526b8-c990-4886-8e42-efb87af501f3.jpg,0,0,0,0,59,12,0,0,94,0,0
FCT,KUJE,GWARGWADA,07,5f0f3c1a8f77bb3acad09a5e,GWARGADA PRIMARY SCHOOL,37/04/07/001,699824846a7216db79726484,42140,1771937341291.0,1771706916404,844,244,2,699d9e3d0462c6001ca2c63d,244,844,0,37_04_07_001.jpg,https://inc-s3-cache.incportals.com/cached/express/results/2843/15/279/3270/42092/75a0629c-cc88-4ea4-afc1-98d849f257b1.jpg,0,0,1,0,118,14,0,1,108,0,0
FCT,KUJE,GWARGWADA,07,5f0f3c1a8f77bb3acad09a5e,KAURA,37/04/07/009,699824846a7216db79726486,123660,1771937308696.0,1771716096917,246,102,5,699d9e1c0462c6001ca2bb0f,95,246,95,37_04_07_009.jpg,https://inc-s3-cache.incportals.com/cached/express/results/2843/15/279/3270/618008/13862c38-2f6e-4471-b59a-3e3d0d566cf0.jpg,0,0,0,0,35,13,0,0,42,0,0
FCT,KUJE,GWARGWADA,07,5f0f3c1a8f77bb3acad09a5e,GOMBE  /  PRIMARY SCHOOL,37/04/07/003,699824846a7216db79726481,42142,1771937117559.0,1771700435083,767,362,1,699d9d5d0462c6001ca279a3,362,767,357,37_04_07_003.jpg,https://inc-s3-cache.incportals.com/cached/express/results/2843/15/279/3270/42094/47858822-37ce-4eb1-b0f3-781a880a40ff.jpg,0,0,0,0,202,3,0,0,152,0,0
FCT,KUJE,GWARGWADA,07,5f0f3c1a8f77bb3acad09a5e,TUSHA  / PRIMARY SCHOOL,37/04/07/004,699824846a7216db79726483,42143,1771937065379.0,1771700584414,463,51,0,699d9d290462c6001ca26727,51,463,51,37_04_07_004.jpg,https://inc-s3-cache.incportals.com/cached/express/results/2843/15/279/3270/42095/84a6b07e-d3d9-425f-9aba-4369fe7aa1d5.jpg,0,0,0,0,32,1,0,0,18,0,0
FCT,KUJE,GWARGWADA,07,5f0f3c1a8f77bb3acad09a5e,PESU/KOFAR GIDAN MADAKI,37/04/07/006,699824846a7216db79726480,42145,1771936752700.0,1771700585831,297,157,2,699d9bf00462c6001ca1f9ee,157,297,155,37_04_07_006.jpg,https://inc-s3-cache.incportals.com/cached/express/results/2843/15/279/3270/42097/ebfdfef3-586b-4af6-9938-1e209cece326.jpg,0,0,0,0,93,0,0,0,62,0,0
FCT,KUJE,GWARGWADA,07,5f0f3c1a8f77bb3acad09a5e,KOPIGBA,37/04/07/008,699824846a7216db7972647f,123659,1771936624657.0,1771700614599,266,107,0,699d9b700462c6001ca1ce4c,107,266,107,37_04_07_008.jpg,https://inc-s3-cache.incportals.com/cached/express/results/2843/15/279/3270/618007/c8d56fcc-321f-4bdd-85cc-7d25fbb47732.jpg,0,0,0,0,56,9,0,0,42,0,0
FCT,KUJE,GWARGWADA,07,5f0f3c1a8f77bb3acad09a5e,GWARGADA /GANGIYEI,37/04/07/002,699824846a7216db79726485,42141,1771936415695.0,1771706947761,167,207,4,699d9a9f0462c6001ca185fe,207,621,200,37_04_07_002.jpg,https://inc-s3-cache.incportals.com/cached/express/results/2843/15/279/3270/42093/12b3acaf-0296-477c-bf9f-4ed968a23db3.jpg,0,0,0,0,78,9,0,0,113,0,0
FCT,KUJE,GWARGWADA,07,5f0f3c1a8f77bb3acad09a5e,GWAGWADA/ KPANA COMMUNITY,37/04/07/007,699824846a7216db7972647d,123658,1771936314864.0,1771707124855,185,133,3,699d9a3a0462c6001ca162b7,134,185,130,37_04_07_007.jpg,https://inc-s3-cache.incportals.com/cached/express/results/2843/15/279/3270/636592/6e2c3f13-2fcb-4337-818a-c75973a6f4d3.jpg,0,0,1,0,88,7,0,0,34,0,0
FCT,KUJE,GWARGWADA,07,5f0f3c1a8f77bb3acad09a5e,GWAGWADA KPANA /  PRIMARY SCHOOL,37/04/07/005,699824846a7216db7972647e,42144,1771936267075.0,1771707096798,895,265,0,699d9a0b0462c6001ca1525c,262,895,265,37_04_07_005.jpg,https://inc-s3-cache.incportals.com/cached/express/results/2843/15/279/3270/42096/349c079f-4ab8-436e-9d73-0f06f3f0c2f4.jpg,0,0,0,0,117,20,1,1,126,0,0
FCT,KUJE,YENCHE,10,5f0f3c1a8f77bb3acad09a61,YABA / KOFAR SARKI,37/04/10/005,699824846a7216db79726487,42163,1771937596544.0,1771701667787,500,178,3,699d9f3c0462c6001ca319c5,178,473,175,37_04_10_005.jpg,https://inc-s3-cache.incportals.com/cached/express/results/2843/15/279/3273/42115/452fc683-2fe7-44fc-9c79-d72a6381f0a4.jpg,0,0,1,0,59,21,0,0,94,0,0
FCT,KUJE,YENCHE,10,5f0f3c1a8f77bb3acad09a61,DNAGO / PRIMARY SCHOOL,37/04/10/004,699824846a7216db79726488,42162,1771937533829.0,1771702236668,278,146,2,699d9efd0462c6001ca30780,146,278,144,37_04_10_004.jpg,https://inc-s3-cache.incportals.com/cached/express/results/2843/15/279/3273/42114/1f729664-9225-4df8-a2f4-e9f9c154cf78.jpg,0,0,0,0,79,6,0,1,58,0,0
FCT,KUJE,YENCHE,10,5f0f3c1a8f77bb3acad09a61,CHIEF PALACE YENCE OPEN SPACE,37/04/10/006,699824846a7216db7972648b,123699,1771937284786.0,1771707062573,724,316,5,699d9e040462c6001ca2b30b,317,724,312,37_04_10_006.jpg,https://inc-s3-cache.incportals.com/cached/express/results/2843/15/279/3273/636570/ecbe16ea-5d5d-4fc8-8cc8-ba05bcf2dda1.jpg,0,0,0,1,116,16,1,1,177,0,0
FCT,KUJE,YENCHE,10,5f0f3c1a8f77bb3acad09a61,YENCHE/PRIMARY SCHOOL,37/04/10/001,699824846a7216db7972648d,42159,1771936996600.0,1771707071104,783,263,13,699d9ce40462c6001ca24f51,263,788,250,37_04_10_001.jpg,https://inc-s3-cache.incportals.com/cached/express/results/2843/15/279/3273/42111/322c3397-6195-43c9-8174-c38e0e98dc18.jpg,0,0,3,0,131,24,1,1,90,0,0
FCT,KUJE,YENCHE,10,5f0f3c1a8f77bb3acad09a61,GBEDE / PRIMARY SCHOOL,37/04/10/003,699824846a7216db7972648a,42161,1771936301795.0,1771701875816,581,225,1,699d9a2d0462c6001ca15e4f,223,581,222,37_04_10_003.jpg,https://inc-s3-cache.incportals.com/cached/express/results/2843/15/279/3273/42113/eb64ef06-3aa9-49fd-8e3b-3806b14d3972.jpg,0,0,0,1,81,44,0,0,96,0,0
FCT,KUJE,YENCHE,10,5f0f3c1a8f77bb3acad09a61,GYANA/ANGWAN SARKI,37/04/10/007,699824846a7216db7972648c,123700,1771935739355.0,1771703648139,143,91,0,699d97fb0462c6001ca09aec,91,143,91,37_04_10_007.jpg,https://inc-s3-cache.incportals.com/cached/express/results/2843/15/279/3273/618015/84aa8b3c-0aee-4f3d-bb56-6d46c92ea726.jpg,0,0,0,0,39,3,0,0,49,0,0
FCT,KUJE,YENCHE,10,5f0f3c1a8f77bb3acad09a61,GBAMFA / PRIMARY SCHOOL,37/04/10/002,699824846a7216db79726489,42160,1771935602563.0,1771702926798,326,151,3,699d97720462c6001ca06b66,151,327,148,37_04_10_002.jpg,https://inc-s3-cache.incportals.com/cached/express/results/2843/15/279/3273/42112/e76683fe-7cb8-4de2-bf98-6319036780c0.jpg,0,0,1,0,96,12,0,0,39,0,0
FCT,KUJE,RUBOCHI,06,5f0f3c1a8f77bb3acad09a5d,TIKA ECWA CHURCH OPEN SPACE,37/04/06/021,699824846a7216db7972649f,123648,1771937679695.0,1771692097838,123,79,2,699d9f8f0462c6001ca329ff,79,123,77,37_04_06_021.jpg,https://inc-s3-cache.incportals.com/cached/express/results/2843/15/279/3269/636596/bbcc2fa0-0a99-4380-a676-3cb8dbc613e4.jpg,0,0,1,1,28,9,0,0,38,0,0
FCT,KUJE,RUBOCHI,06,5f0f3c1a8f77bb3acad09a5d,ATTAKO OPEN SPACE,37/04/06/018,699824846a7216db797264a1,123645,1771937635018.0,1771692665653,253,167,1,699d9f62d9ca3181fc992847,167,253,166,37_04_06_018.jpg,https://inc-s3-cache.incportals.com/cached/express/results/2843/15/279/3269/636600/ba680673-864f-4072-8280-d95a88471964.jpg,0,0,1,2,104,27,0,0,32,0,0
FCT,KUJE,RUBOCHI,06,5f0f3c1a8f77bb3acad09a5d,KULO ECWA CHURCH,37/04/06/019,699824846a7216db79726498,123646,1771937509742.0,1771692383607,63,48,0,699d9ee50462c6001ca2ff85,48,64,48,37_04_06_019.jpg,https://inc-s3-cache.incportals.com/cached/express/results/2843/15/279/3269/636599/9490322c-ee63-4ced-9d3d-1c4ca27aa96c.jpg,0,0,32,0,11,5,0,0,0,0,0
FCT,KUJE,RUBOCHI,06,5f0f3c1a8f77bb3acad09a5d,KULO PRI HEALTH CARE,37/04/06/020,699824846a7216db7972649e,123647,1771937409181.0,1771692390796,600,226,3,699d9e810462c6001ca2dce1,225,565,222,37_04_06_020.jpg,https://inc-s3-cache.incportals.com/cached/express/results/2843/15/279/3269/636598/4008f32f-b020-465b-a7d1-7e9ce8638e21.jpg,1,0,129,1,59,23,0,0,9,0,0
FCT,KUJE,RUBOCHI,06,5f0f3c1a8f77bb3acad09a5d,RUBOCHI/ PRIMARY SCHOOL,37/04/06/001,699824846a7216db7972648e,42128,1771937395212.0,1771695366656,848,268,4,699d9e730462c6001ca2d81f,268,849,264,37_04_06_001.jpg,https://inc-s3-cache.incportals.com/cached/express/results/2843/15/279/3269/42080/70df5fc8-a2a2-489e-9960-4547ddee1820.jpg,0,0,1,0,137,19,0,1,106,0,0
FCT,KUJE,RUBOCHI,06,5f0f3c1a8f77bb3acad09a5d,UBO GBAGYI / PRIMARY SCHOOL,37/04/06/009,699824846a7216db7972649c,42136,1771937135416.0,1771694165775,600,281,1,699d9d6f0462c6001ca27fca,281,565,279,37_04_06_009.jpg,https://inc-s3-cache.incportals.com/cached/express/results/2843/15/279/3269/42088/5db307a8-20d7-4cbc-a528-238be4c58a7e.jpg,0,0,2,1,131,33,0,1,111,0,0
FCT,KUJE,RUBOCHI,06,5f0f3c1a8f77bb3acad09a5d,ORE VILAGE,37/04/06/023,699824846a7216db797264a2,123650,1771937075123.0,1771697705688,12,1,0,699d9d330462c6001ca26a83,1,12,1,37_04_06_023.jpg,https://inc-s3-cache.incportals.com/cached/express/results/2843/15/279/3269/618005/7cb4f536-d36b-4c3d-bab8-530c43185b70.jpg,0,0,0,0,1,0,0,0,0,0,0
FCT,KUJE,RUBOCHI,06,5f0f3c1a8f77bb3acad09a5d,OPEN SPACE BY ECWA CHURCH RUBOCHI,37/04/06/015,699824846a7216db79726499,123642,1771936760602.0,1771706946575,500,202,6,699d9bf80462c6001ca1fcb1,208,499,202,37_04_06_015.jpg,https://inc-s3-cache.incportals.com/cached/express/results/2843/15/279/3269/636604/bf267f47-f4fa-40cb-a16c-c8e905f0ab94.jpg,0,0,1,1,64,15,0,1,120,0,0
FCT,KUJE,RUBOCHI,06,5f0f3c1a8f77bb3acad09a5d,RUBOCHI/KOFAN SARKI(OLD SARKI HOUSE),37/04/06/002,699824846a7216db79726491,42129,1771936753740.0,1771706766365,900,292,6,699d9bf10462c6001ca1fa48,292,868,0,37_04_06_002.jpg,https://inc-s3-cache.incportals.com/cached/express/results/2843/15/279/3269/42081/946c90f0-0c56-4545-94ac-87dd62b92da4.jpg,0,0,0,0,55,70,0,0,161,0,0
FCT,KUJE,RUBOCHI,06,5f0f3c1a8f77bb3acad09a5d,OPE OPEN SPACE,37/04/06/016,699824846a7216db797264a4,123643,1771936671983.0,1771706920677,560,227,16,699d9b9f0462c6001ca1de4a,226,561,210,37_04_06_016.jpg,https://inc-s3-cache.incportals.com/cached/express/results/2843/15/279/3269/636601/f1618c31-59c8-4e2d-aeb8-a321ca7f9884.jpg,0,0,0,0,76,12,0,0,121,0,0
FCT,KUJE,RUBOCHI,06,5f0f3c1a8f77bb3acad09a5d,TIKA - ANGWAN GADE,37/04/06/022,699824846a7216db79726496,123649,1771936634800.0,1771692196736,34,26,1,699d9b7a0462c6001ca1d188,25,35,24,37_04_06_022.jpg,https://inc-s3-cache.incportals.com/cached/express/results/2843/15/279/3269/618004/061e7d07-83f3-472c-b9db-bc8f2b29b7c5.jpg,0,0,0,0,13,0,0,0,11,0,0
FCT,KUJE,RUBOCHI,06,5f0f3c1a8f77bb3acad09a5d,ZOKUTU / KOFAR SARKI,37/04/06/012,699824846a7216db7972649d,42139,1771936427785.0,1771706918259,511,234,3,699d9aab0462c6001ca18a36,234,511,231,37_04_06_012.jpg,https://inc-s3-cache.incportals.com/cached/express/results/2843/15/279/3269/42091/02940172-612d-4a91-a2f6-d02e6618b88b.jpg,0,0,4,0,91,43,0,0,93,0,0
FCT,KUJE,RUBOCHI,06,5f0f3c1a8f77bb3acad09a5d,KULO / PRIMARY SCHOOL,37/04/06/006,699824846a7216db79726492,42133,1771936413227.0,1771706887142,745,378,0,699d9a9d0462c6001ca1852e,276,745,276,37_04_06_006.jpg,https://inc-s3-cache.incportals.com/cached/express/results/2843/15/279/3269/42085/96d3c0db-4123-4260-8f9a-864b09f338b7.jpg,2,2,158,0,72,31,0,1,11,0,0
FCT,KUJE,RUBOCHI,06,5f0f3c1a8f77bb3acad09a5d,MONO VILLAGE,37/04/06/014,699824846a7216db797264a5,123641,1771936095459.0,1771692139490,244,172,0,699d995f0462c6001ca116e7,172,244,172,37_04_06_014.jpg,https://inc-s3-cache.incportals.com/cached/express/results/2843/15/279/3269/618003/072cbf07-7520-4e28-a085-4d92f939f0c4.jpg,0,0,1,0,90,9,0,0,72,0,0
FCT,KUJE,RUBOCHI,06,5f0f3c1a8f77bb3acad09a5d,TOTO GABIYA / PRIMARY SCHOOL,37/04/06/010,699824846a7216db79726494,42137,1771936080309.0,1771706888682,4955,98,4,699d99500462c6001ca11159,98,455,94,37_04_06_010.jpg,https://inc-s3-cache.incportals.com/cached/express/results/2843/15/279/3269/42089/bc86b122-3766-47aa-976f-1020c4f8ee3f.jpg,0,0,3,0,39,43,0,0,9,0,0
FCT,KUJE,RUBOCHI,06,5f0f3c1a8f77bb3acad09a5d,UKYA  / PRIMARY SCHOOL,37/04/06/007,699824846a7216db79726497,42134,1771935991581.0,1771700947377,700,277,5,699d98f70462c6001ca0f1f0,280,693,272,37_04_06_007.jpg,https://inc-s3-cache.incportals.com/cached/express/results/2843/15/279/3269/42086/2fc8b47a-ffa1-4b81-8834-d076e7532ae2.jpg,0,0,3,1,186,57,0,0,25,0,0
FCT,KUJE,RUBOCHI,06,5f0f3c1a8f77bb3acad09a5d,UKYA SARKI BY TRANSFORMER,37/04/06/024,699824846a7216db797264a3,123651,1771935846478.0,1771692656686,100,25,0,699d98660462c6001ca0bfeb,25,61,25,37_04_06_024.jpg,https://inc-s3-cache.incportals.com/cached/express/results/2843/15/279/3269/618006/1b139c7b-9de8-48ca-a959-7e32d1577017.jpg,0,0,0,0,18,7,0,0,0,0,0
FCT,KUJE,RUBOCHI,06,5f0f3c1a8f77bb3acad09a5d,RUBOCHI/UNG. GADE,37/04/06/004,699824846a7216db79726495,42131,1771935811507.0,1771706883388,939,407,15,699d98430462c6001ca0b403,407,939,391,37_04_06_004.jpg,https://inc-s3-cache.incportals.com/cached/express/results/2843/15/279/3269/42083/820ebb40-afb1-4c31-ba77-cb42b4b0cfce.jpg,0,0,0,2,174,40,0,4,171,0,0
FCT,KUJE,RUBOCHI,06,5f0f3c1a8f77bb3acad09a5d,TIKA  / PRIMARY SCHOOL,37/04/06/008,699824846a7216db797264a0,42135,1771935740742.0,1771698093718,900,370,0,699d97fc0462c6001ca09b64,370,879,370,37_04_06_008.jpg,https://inc-s3-cache.incportals.com/cached/express/results/2843/15/279/3269/42087/10cfe7f8-22f4-4c22-88c4-274fef77589e.jpg,2,0,0,1,140,92,0,0,135,0,0
FCT,KUJE,RUBOCHI,06,5f0f3c1a8f77bb3acad09a5d,OPEN SPACE RUBOCHI,37/04/06/017,699824846a7216db79726493,123644,1771935625298.0,1771692664582,637,252,10,699d97890462c6001ca07328,252,637,242,37_04_06_017.jpg,https://inc-s3-cache.incportals.com/cached/express/results/2843/15/279/3269/636602/2471e4a1-b142-42a3-8885-460d8b4dbb32.jpg,0,0,0,0,69,37,0,0,136,0,0
FCT,KUJE,RUBOCHI,06,5f0f3c1a8f77bb3acad09a5d,AHINZA /  PRIMARY SCHOOL,37/04/06/011,699824846a7216db7972649b,42138,1771935605053.0,1771692534623,1000,80,1,699d97740462c6001ca06c50,80,987,78,37_04_06_011.jpg,https://inc-s3-cache.incportals.com/cached/express/results/2843/15/279/3269/42090/0fe9fb47-bc90-4b4f-b16e-208e32017951.jpg,0,0,4,0,31,15,0,0,28,0,0
FCT,KUJE,RUBOCHI,06,5f0f3c1a8f77bb3acad09a5d,GRADE 1 AREA COURT RUBOCHI,37/04/06/013,699824846a7216db79726490,123640,1771935584474.0,1771690983272,200,129,16,699d97600462c6001ca06514,129,194,113,37_04_06_013.jpg,https://inc-s3-cache.incportals.com/cached/express/results/2843/15/279/3269/636605/6b9ef761-5781-4624-9a87-490ae426f564.jpg,0,0,0,1,52,25,0,0,35,0,0
FCT,KUJE,RUBOCHI,06,5f0f3c1a8f77bb3acad09a5d,ATTAKO / PRIMARY SCHOOL,37/04/06/005,699824846a7216db7972649a,42132,1771935425913.0,1771693385013,800,315,13,699d96c10462c6001ca03248,312,794,299,37_04_06_005.jpg,https://inc-s3-cache.incportals.com/cached/express/results/2843/15/279/3269/42084/d86e35e6-cc31-4b0b-8ae2-74cd8d5f14d5.jpg,0,0,1,1,197,80,1,0,19,0,0
FCT,KUJE,RUBOCHI,06,5f0f3c1a8f77bb3acad09a5d,RUBOCHI/ OPE,37/04/06/003,699824846a7216db7972648f,42130,1771935324838.0,1771706920406,900,345,19,699d965c0462c6001ca01b94,345,875,826,37_04_06_003.jpg,https://inc-s3-cache.incportals.com/cached/express/results/2843/15/279/3269/42082/3267b477-f2b4-4f1a-8ead-9ff87d5cf141.jpg,0,0,0,3,126,26,1,0,168,1,1
FCT,KUJE,GAUBE,03,5f0f3c198f77bb3acad09a5a,. PADA PRI SCH,37/04/03/034,699824846a7216db797264bd,123590,1772201344071.0,1772201343956,168,147,6,69a1a57f0462c6001ca33977,141,168,141,37_04_03_034.jpg,https://inc-s3-cache.incportals.com/cached/express/results/2843/15/279/3266/636631/180d211d-4f0b-492b-9253-be7713e5eda6.jpg,0,0,4,0,99,0,0,0,38,0,0
FCT,KUJE,GAUBE,03,5f0f3c198f77bb3acad09a5a,OPEN SPACE PAVU CHIEF PALACE,37/04/03/032,699824846a7216db797264b8,123588,1771937705544.0,1771937705417,51,38,1,699d9fa90462c6001ca32bf0,38,51,37,37_04_03_032.jpg,https://inc-s3-cache.incportals.com/cached/express/results/2843/15/279/3266/636633/960efded-76e3-4d5b-ada7-b8199a08f2d8.jpg,0,0,0,0,18,1,1,0,17,0,0
FCT,KUJE,GAUBE,03,5f0f3c198f77bb3acad09a5a,ECWA CHURCH TUNGA MAJE,37/04/03/013,699824846a7216db797264c7,123569,1771937647195.0,1771692710595,63,38,2,699d9f6f0462c6001ca32529,37,63,35,37_04_03_013.jpg,https://inc-s3-cache.incportals.com/cached/express/results/2843/15/279/3266/636652/e2e0468d-fe9f-4d32-bf36-a31c945ffcc8.jpg,0,0,0,0,27,0,0,0,8,0,0
FCT,KUJE,GAUBE,03,5f0f3c198f77bb3acad09a5a,PEGGI RESSETLEMENT ESTATE,37/04/03/023,699824846a7216db797264b7,123579,1771937620978.0,1771697526512,1065,168,11,699d9f54fa08f5822ca30a2b,162,1065,152,37_04_03_023.jpg,https://inc-s3-cache.incportals.com/cached/express/results/2843/15/279/3266/617993/9e60aedb-f2e1-42c8-9c95-2c477bf04b28.jpg,0,0,20,0,62,37,0,0,33,0,0
FCT,KUJE,GAUBE,03,5f0f3c198f77bb3acad09a5a,GAWU KURMI HEALTH CENTRE,37/04/03/039,699824846a7216db797264c4,123595,1771937530174.0,1771692519557,28,22,0,699d9efa0462c6001ca30642,22,28,22,37_04_03_039.jpg,https://inc-s3-cache.incportals.com/cached/express/results/2843/15/279/3266/636625/13d9dce0-7a9d-4d02-9629-c20f6f0e04ea.jpg,0,0,1,0,11,0,0,0,10,0,0
FCT,KUJE,GAUBE,03,5f0f3c198f77bb3acad09a5a,KASADA RESETTLEMENT,37/04/03/028,699824846a7216db797264a7,123584,1771937468980.0,1771692319539,72,57,3,699d9ebc0462c6001ca2f16a,57,72,54,37_04_03_028.jpg,https://inc-s3-cache.incportals.com/cached/express/results/2843/15/279/3266/617996/d207a3ac-9118-4deb-bebe-71a939779848.jpg,0,0,0,1,37,2,0,0,14,0,0
FCT,KUJE,GAUBE,03,5f0f3c198f77bb3acad09a5a,NAVY BARRACKS,37/04/03/024,699824846a7216db797264c0,123580,1771937420193.0,1771690955931,476,124,16,699d9e8b48bca2819b8a0260,124,476,108,37_04_03_024.jpg,https://inc-s3-cache.incportals.com/cached/express/results/2843/15/279/3266/617994/e1f1324d-90df-40be-922b-16c533971e00.jpg,0,0,5,1,55,10,0,0,37,0,0
FCT,KUJE,GAUBE,03,5f0f3c198f77bb3acad09a5a,TUKUBA PRI SCH,37/04/03/021,699824846a7216db797264b4,123577,1771937414947.0,1771715557239,871,201,0,699d9e860462c6001ca2df09,202,871,201,37_04_03_021.jpg,https://inc-s3-cache.incportals.com/cached/express/results/2843/15/279/3266/617434/581f6c78-9078-46c2-9999-8ee46c9b82e8.jpg,0,0,1,1,111,3,0,0,85,0,0
FCT,KUJE,GAUBE,03,5f0f3c198f77bb3acad09a5a,CHIEF PALACE GAUBE,37/04/03/015,699824846a7216db797264c1,123571,1771937327220.0,1771692534959,800,306,4,699d9e2f0462c6001ca2c173,304,896,300,37_04_03_015.jpg,https://inc-s3-cache.incportals.com/cached/express/results/2843/15/279/3266/636651/53489754-503d-49fa-a7ba-bb3e04bc7939.jpg,0,0,0,1,227,10,0,0,62,0,0
FCT,KUJE,GAUBE,03,5f0f3c198f77bb3acad09a5a,PAGGI/PRIMARY SCHOOL,37/04/03/002,699824846a7216db797264af,42103,1771937304730.0,1771706706686,918,198,14,699d9e180462c6001ca2b9a7,194,918,23,37_04_03_002.jpg,https://inc-s3-cache.incportals.com/cached/express/results/2843/15/279/3266/42057/179e40eb-b1a3-46ad-aa89-11f9f81a94f9.jpg,0,0,1,0,116,3,0,0,51,0,0
FCT,KUJE,GAUBE,03,5f0f3c198f77bb3acad09a5a,DIBE PRIMARY SCHOOL,37/04/03/003,699824846a7216db797264ab,42104,1771937234218.0,1771706704777,754,241,5,699d9dd20462c6001ca2a163,233,762,233,37_04_03_003.jpg,https://inc-s3-cache.incportals.com/cached/express/results/2843/15/279/3266/42058/9c1eea28-394c-4a8d-8567-53ea1bb64fe1.jpg,0,0,1,0,117,2,0,1,112,0,0
FCT,KUJE,GAUBE,03,5f0f3c198f77bb3acad09a5a,GUDE  /  KOFAR SARKI,37/04/03/012,699824846a7216db797264b2,42113,1771937111468.0,1771715524650,814,151,3,699d9d570462c6001ca2776d,152,814,148,37_04_03_012.jpg,https://inc-s3-cache.incportals.com/cached/express/results/2843/15/279/3266/42067/1719e724-2a5a-43ab-a390-c17ce2a538d6.jpg,0,0,2,1,146,10,2,0,18,0,0
FCT,KUJE,GAUBE,03,5f0f3c198f77bb3acad09a5a,PAGGI JSS,37/04/03/020,699824846a7216db797264bc,123576,1771937027064.0,1771692489817,753,160,3,699d9d020462c6001ca25a25,159,753,157,37_04_03_020.jpg,https://inc-s3-cache.incportals.com/cached/express/results/2843/15/279/3266/636646/82eb74d3-a048-4f34-87b5-388bd7fe0cc4.jpg,0,0,6,0,115,5,0,0,31,0,0
FCT,KUJE,GAUBE,03,5f0f3c198f77bb3acad09a5a,DAFARA PRIMARY SCHOOL,37/04/03/008,699824846a7216db797264ad,42109,1771936956496.0,1771776393873,1720,424,0,699d9cbc0462c6001ca24105,424,1720,424,37_04_03_008.jpg,https://inc-s3-cache.incportals.com/cached/express/results/2843/15/279/3266/42063/bab259e0-8e9a-4bd3-9085-d2a16a1847c1.jpg,0,0,0,1,223,0,0,2,198,0,0
FCT,KUJE,GAUBE,03,5f0f3c198f77bb3acad09a5a,KASADA PRIMARY SCHOOL,37/04/03/025,699824846a7216db797264ca,123581,1771936934279.0,1771692510324,112,85,4,699d9ca60462c6001ca23951,85,112,81,37_04_03_025.jpg,https://inc-s3-cache.incportals.com/cached/express/results/2843/15/279/3266/636639/836befb3-3b97-43bd-99be-9d2444a9e1eb.jpg,0,0,0,0,43,0,0,0,38,0,0
FCT,KUJE,GAUBE,03,5f0f3c198f77bb3acad09a5a,OPPOSITE CHIEF PALACE CHEGASU,37/04/03/018,699824846a7216db797264bb,123574,1771936869309.0,1771692567527,154,121,2,699d9c650462c6001ca2229d,121,154,119,37_04_03_018.jpg,https://inc-s3-cache.incportals.com/cached/express/results/2843/15/279/3266/636647/a62f7bf8-ab7f-45fe-894a-b6a769461aba.jpg,0,0,0,0,73,15,0,0,31,0,0
FCT,KUJE,GAUBE,03,5f0f3c198f77bb3acad09a5a,OPPOSITE  CHIEF PALACE KAPAGYE,37/04/03/017,699824846a7216db797264a9,123573,1771936848320.0,1771706831098,400,199,2,699d9c500462c6001ca21b01,199,371,141,37_04_03_017.jpg,https://inc-s3-cache.incportals.com/cached/express/results/2843/15/279/3266/636648/b9376767-b712-4505-930a-ae48b94a4b16.jpg,0,0,10,1,64,9,0,0,112,1,0
FCT,KUJE,GAUBE,03,5f0f3c198f77bb3acad09a5a,GUDE HEALTH CENTRE,37/04/03/043,699824846a7216db797264aa,123599,1771936817542.0,1771704365809,300,38,0,699d9c310462c6001ca2108d,38,278,38,37_04_03_043.jpg,https://inc-s3-cache.incportals.com/cached/express/results/2843/15/279/3266/636622/23ac8967-964f-4704-905d-dee717e836df.jpg,0,0,0,1,28,3,0,0,6,0,0
FCT,KUJE,GAUBE,03,5f0f3c198f77bb3acad09a5a,GAUBE/PRIMARY SCHOOL,37/04/03/001,699824846a7216db797264d0,42102,1771936732015.0,1771706736050,1010,264,6,699d9bdb0462c6001ca1f298,264,1010,257,37_04_03_001.jpg,https://inc-s3-cache.incportals.com/cached/express/results/2843/15/279/3266/42056/2a210b6d-34b5-4cf2-a5e6-c282ee3a84f2.jpg,0,0,0,0,196,6,0,2,54,0,0
FCT,KUJE,GAUBE,03,5f0f3c198f77bb3acad09a5a,KUSAKI / PRIMARY SCHOOL,37/04/03/004,699824846a7216db797264b9,42105,1771936658478.0,1771706734959,715,166,165,699d9b920462c6001ca1d9a4,166,723,165,37_04_03_004.jpg,https://inc-s3-cache.incportals.com/cached/express/results/2843/15/279/3266/42059/e1b313aa-3295-4240-9ad4-acd13fab5e12.jpg,0,0,1,1,80,43,0,1,40,0,0
FCT,KUJE,GAUBE,03,5f0f3c198f77bb3acad09a5a,CHIEF PALACE DAFARA,37/04/03/036,699824846a7216db797264b3,123592,1771936546768.0,1771706739397,199,126,1,699d9b220462c6001ca1b34c,124,199,124,37_04_03_036.jpg,https://inc-s3-cache.incportals.com/cached/express/results/2843/15/279/3266/636630/48cd44d7-be40-44ee-9713-ea1dd5a4c10f.jpg,0,0,2,0,56,0,0,0,65,0,0
FCT,KUJE,GAUBE,03,5f0f3c198f77bb3acad09a5a,DAFARA JUNCTION,37/04/03/033,699824846a7216db797264b1,123589,1771936517229.0,1771692425435,900,239,11,699d9b050462c6001ca1a920,239,885,228,37_04_03_033.jpg,https://inc-s3-cache.incportals.com/cached/express/results/2843/15/279/3266/636632/276b1876-106f-43b1-bc75-7bb6e1a8d6aa.jpg,1,0,0,1,178,1,0,0,47,0,0
FCT,KUJE,GAUBE,03,5f0f3c198f77bb3acad09a5a,UNG. ZONGO/KARA,37/04/03/014,699824846a7216db797264cf,123570,1771936494563.0,1771691805399,187,138,1,699d9aee0462c6001ca1a124,138,187,137,37_04_03_014.jpg,https://inc-s3-cache.incportals.com/cached/express/results/2843/15/279/3266/636650/ad17a191-cd2e-4189-9227-8934dc6e3d5c.jpg,0,0,0,0,82,0,0,0,55,0,0
FCT,KUJE,GAUBE,03,5f0f3c198f77bb3acad09a5a,AZATTA PRI SCHOOL,37/04/03/030,699824846a7216db797264cb,123586,1771936474060.0,1771692198490,420,158,0,699d9ad90462c6001ca199f9,158,420,158,37_04_03_030.jpg,https://inc-s3-cache.incportals.com/cached/express/results/2843/15/279/3266/636634/2f915074-49fa-428b-9200-8c0f43a09bb4.jpg,0,0,0,0,104,4,0,1,48,1,0
FCT,KUJE,GAUBE,03,5f0f3c198f77bb3acad09a5a,CHETA SETTLEMENT,37/04/03/038,699824846a7216db797264c6,123594,1771936421348.0,1771706708274,24,24,0,699d9aa50462c6001ca187fc,24,31,24,37_04_03_038.jpg,https://inc-s3-cache.incportals.com/cached/express/results/2843/15/279/3266/617997/735f7250-17d7-4337-a31a-a6dd6314f0f5.jpg,0,0,0,0,14,1,0,0,9,0,0
FCT,KUJE,GAUBE,03,5f0f3c198f77bb3acad09a5a,GWAUPE/ECWA CHURCH,37/04/03/042,699824846a7216db797264c9,123598,1771936297871.0,1771776363178,31,20,0,699d9a290462c6001ca15d0b,20,31,20,37_04_03_042.jpg,https://inc-s3-cache.incportals.com/cached/express/results/2843/15/279/3266/636623/4f639236-18a8-4e04-af7f-087e4ad8fada.jpg,0,0,0,0,14,0,0,0,6,0,0
FCT,KUJE,GAUBE,03,5f0f3c198f77bb3acad09a5a,BGUTU PRI HEALTHCARE,37/04/03/022,699824846a7216db797264b5,123578,1771936198690.0,1771692404464,87,68,0,699d99c60462c6001ca13aba,68,87,68,37_04_03_022.jpg,https://inc-s3-cache.incportals.com/cached/express/results/2843/15/279/3266/675312/dca94713-6645-45a5-b7e6-6afd33e8705d.jpg,0,0,0,0,27,0,0,0,41,0,0
FCT,KUJE,GAUBE,03,5f0f3c198f77bb3acad09a5a,MAIN GATE OPEN SPACE BY MTN MASK ABUJA@30,37/04/03/026,699824846a7216db797264bf,123582,1771936170666.0,1771701847634,755,97,1,699d99aa0462c6001ca13121,97,763,96,37_04_03_026.jpg,https://inc-s3-cache.incportals.com/cached/express/results/2843/15/279/3266/617995/10a7407c-8465-4f04-a78f-a1c060ef6545.jpg,0,0,8,0,46,13,0,5,23,1,0
FCT,KUJE,GAUBE,03,5f0f3c198f77bb3acad09a5a,KABWASHA PRI SCH,37/04/03/031,699824846a7216db797264cc,123587,1771936111762.0,1771692133858,434,176,6,699d996f0462c6001ca11c79,176,439,170,37_04_03_031.jpg,https://inc-s3-cache.incportals.com/cached/express/results/2843/15/279/3266/636635/bb1fe3d9-895b-41eb-855c-dc42770e9f1c.jpg,0,0,1,0,103,3,0,0,63,0,0
FCT,KUJE,GAUBE,03,5f0f3c198f77bb3acad09a5a,YANGA PRIMARY SCHOOL,37/04/03/005,699824846a7216db797264c3,42106,1771935922904.0,1771692439838,750,129,0,699d98b20462c6001ca0da14,129,750,129,37_04_03_005.jpg,https://inc-s3-cache.incportals.com/cached/express/results/2843/15/279/3266/42060/503ae118-3163-4e72-ab98-3b1da3755781.jpg,0,0,0,0,85,3,0,0,41,0,0
FCT,KUJE,GAUBE,03,5f0f3c198f77bb3acad09a5a,GAWU KURMI/ PRIMARY SCHOOL,37/04/03/009,699824846a7216db797264c8,42110,1771935888572.0,1771699353164,1103,219,4,699d98900462c6001ca0ce76,219,1103,215,37_04_03_009.jpg,https://inc-s3-cache.incportals.com/cached/express/results/2843/15/279/3266/42064/6b10be74-18b8-4cee-822f-979c0d5365d1.jpg,0,0,3,0,140,0,0,0,72,0,0
FCT,KUJE,GAUBE,03,5f0f3c198f77bb3acad09a5a,KAHODA HANNU/ PRIMARY SCHOOL,37/04/03/010,699824846a7216db797264a6,42111,1771935853197.0,1771692262696,318,101,5,699d986d0462c6001ca0c237,101,318,96,37_04_03_010.jpg,https://inc-s3-cache.incportals.com/cached/express/results/2843/15/279/3266/42065/99689134-d2f5-47db-b306-80e820f90527.jpg,0,0,0,1,48,4,0,0,43,0,0
FCT,KUJE,GAUBE,03,5f0f3c198f77bb3acad09a5a,YANGA HEALTH CENTRE,37/04/03/029,699824846a7216db797264b0,123585,1771935760670.0,1771691179554,409,102,3,699d98100462c6001ca0a222,102,413,99,37_04_03_029.jpg,https://inc-s3-cache.incportals.com/cached/express/results/2843/15/279/3266/636636/10a3405a-d28e-4a8a-a6e0-af480790eba8.jpg,0,0,0,0,53,1,0,0,45,0,0
FCT,KUJE,GAUBE,03,5f0f3c198f77bb3acad09a5a,DAFARA BY BAMISHI PRI SCH,37/04/03/037,699824846a7216db797264cd,123593,1771935713853.0,1771706770766,919,386,18,699d97e10462c6001ca0923d,386,929,385,37_04_03_037.jpg,https://inc-s3-cache.incportals.com/cached/express/results/2843/15/279/3266/617853/2a66225d-52a9-41fb-b7a4-016521c2269c.jpg,1,0,0,1,186,2,0,0,195,0,0
FCT,KUJE,GAUBE,03,5f0f3c198f77bb3acad09a5a,KUSAKI CHIEF PALACE,37/04/03/027,699824846a7216db797264c2,123583,1771935684992.0,1771690792905,86,58,1,699d97c40462c6001ca087fe,58,87,57,37_04_03_027.jpg,https://inc-s3-cache.incportals.com/cached/express/results/2843/15/279/3266/636638/f0377c33-9069-4307-a193-569151fcbede.jpg,0,0,0,0,25,6,0,0,26,0,0
FCT,KUJE,GAUBE,03,5f0f3c198f77bb3acad09a5a,GWAUPE/HEALTH CENTE,37/04/03/040,699824846a7216db797264be,123596,1771935656044.0,1771759265961,604,94,3,699d97a70462c6001ca07de3,94,604,91,37_04_03_040.jpg,https://inc-s3-cache.incportals.com/cached/express/results/2843/15/279/3266/636626/c731322c-ddd4-45b9-b408-b298a466b0d2.jpg,0,0,2,2,61,1,0,0,25,0,0
FCT,KUJE,GAUBE,03,5f0f3c198f77bb3acad09a5a,GWAUPE/  CUSTOMARY COURT,37/04/03/041,699824846a7216db797264c5,123597,1771935605399.0,1771690760715,616,146,0,699d97750462c6001ca06c70,137,616,137,37_04_03_041.jpg,https://inc-s3-cache.incportals.com/cached/express/results/2843/15/279/3266/636624/9315ac5b-4f37-4021-a038-d660b0f07e75.jpg,0,0,2,0,120,2,0,0,13,0,0
FCT,KUJE,GAUBE,03,5f0f3c198f77bb3acad09a5a,GAPERE SETTLEMENT VILLAGE SQUARE,37/04/03/016,699824846a7216db797264ae,123572,1771935580167.0,1771776543148,1000,485,13,699d975c0462c6001ca06380,485,971,472,37_04_03_016.jpg,https://inc-s3-cache.incportals.com/cached/express/results/2843/15/279/3266/617992/843410c9-faf0-45f9-8728-1e8bfecef4b2.jpg,1,0,2,1,219,4,0,0,245,0,0
FCT,KUJE,GAUBE,03,5f0f3c198f77bb3acad09a5a,KUWEWZHI PRI SCH,37/04/03/035,699824846a7216db797264b6,123591,1771935352663.0,1771692043052,218,180,0,699d96780462c6001ca020a4,180,218,180,37_04_03_035.jpg,https://inc-s3-cache.incportals.com/cached/express/results/2843/15/279/3266/636629/977709ff-1b80-4200-b815-03e2347439b4.jpg,0,0,1,0,100,1,0,0,78,0,0
FCT,KUJE,GAUBE,03,5f0f3c198f77bb3acad09a5a,GIDIGWAI /PRIMARY SCHOOL,37/04/03/006,699824846a7216db797264ac,42107,1771935325299.0,1771692457811,852,270,6,699d965d0462c6001ca01bb4,269,822,263,37_04_03_006.jpg,https://inc-s3-cache.incportals.com/cached/express/results/2843/15/279/3266/42061/31bafffe-6821-4847-8c9a-876ba4b5b2f6.jpg,0,0,0,0,175,2,0,0,86,0,0
FCT,KUJE,GAUBE,03,5f0f3c198f77bb3acad09a5a,GWAUPE/ PRIMARY SCHOOL,37/04/03/011,699824846a7216db797264ba,42112,,,0,0,0,,0,0,0,,,0,0,0,0,0,0,0,0,0,0,0
FCT,KUJE,GAUBE,03,5f0f3c198f77bb3acad09a5a,GIDAN BAWA/ PRIMARY SCHOOL,37/04/03/007,699824846a7216db797264ce,42108,,,0,0,0,,0,0,0,,,0,0,0,0,0,0,0,0,0,0,0
FCT,KUJE,GAUBE,03,5f0f3c198f77bb3acad09a5a,OPPOSITE  CENTRAL MOSQUE PAGGI,37/04/03/019,699824846a7216db797264a8,123575,,,0,0,0,,0,0,0,,,0,0,0,0,0,0,0,0,0,0,0
