State,LGA,Ward,Ballots Issued,Ballots Used,Invalid Votes,Total Accredited,Total Registered,Valid Votes,A,AA,AAC,ADC,ADP,APC,APGA,APM,APP,BP,NNPP,PRP,SDP,YPP,ZLP,Polling Units
Osun,ATAKUMOSA EAST,AJEBANDELE,00000000,00000000,00000000,00000000,00000000,00000000,00000000,00000000,00000000,00000000,00000000,00000000,00000000,00000000,00000000,00000000,00000000,00000000,00000000,00000000,00000000,8
Osun,ATAKUMOSA EAST,AYEGUNLE,0000000,0000000,0000000,0000000,0000000,0000000,0000000,0000000,0000000,0000000,0000000,0000000,0000000,0000000,0000000,0000000,0000000,0000000,0000000,0000000,0000000,7
Osun,ATAKUMOSA EAST,ETI-ONI,0000000,0000000,0000000,0000000,0000000,0000000,0000000,0000000,0000000,0000000,0000000,0000000,0000000,0000000,0000000,0000000,0000000,0000000,0000000,0000000,0000000,7
Osun,ATAKUMOSA EAST,FAFORIJI,00000000,00000000,00000000,00000000,00000000,00000000,00000000,00000000,00000000,00000000,00000000,00000000,00000000,00000000,00000000,00000000,00000000,00000000,00000000,00000000,00000000,8
Osun,ATAKUMOSA EAST,FOREST RESERVE  1,0000000,0000000,0000000,0000000,0000000,0000000,0000000,0000000,0000000,0000000,0000000,0000000,0000000,0000000,0000000,0000000,0000000,0000000,0000000,0000000,0000000,7
Osun,ATAKUMOSA EAST,FOREST RESERVE  II,000000,000000,000000,000000,000000,000000,000000,000000,000000,000000,000000,000000,000000,000000,000000,000000,000000,000000,000000,000000,000000,6
Osun,ATAKUMOSA EAST,IGANGAN,0000000,0000000,0000000,0000000,0000000,0000000,0000000,0000000,0000000,0000000,0000000,0000000,0000000,0000000,0000000,0000000,0000000,0000000,0000000,0000000,0000000,7
Osun,ATAKUMOSA EAST,IPERINDO,00000000000,00000000000,00000000000,00000000000,00000000000,00000000000,00000000000,00000000000,00000000000,00000000000,00000000000,00000000000,00000000000,00000000000,00000000000,00000000000,00000000000,00000000000,00000000000,00000000000,00000000000,11
Osun,ATAKUMOSA EAST,IPOLE,0000000,0000000,0000000,0000000,0000000,0000000,0000000,0000000,0000000,0000000,0000000,0000000,0000000,0000000,0000000,0000000,0000000,0000000,0000000,0000000,0000000,7
Osun,ATAKUMOSA EAST,IWARA,000000000,000000000,000000000,000000000,000000000,000000000,000000000,000000000,000000000,000000000,000000000,000000000,000000000,000000000,000000000,000000000,000000000,000000000,000000000,000000000,000000000,9
Osun,ATAKUMOSA WEST,IBODI,00000000,00000000,00000000,00000000,00000000,00000000,00000000,00000000,00000000,00000000,00000000,00000000,00000000,00000000,00000000,00000000,00000000,00000000,00000000,00000000,00000000,8
Osun,ATAKUMOSA WEST,IFELODUN,000000,000000,000000,000000,000000,000000,000000,000000,000000,000000,000000,000000,000000,000000,000000,000000,000000,000000,000000,000000,000000,6
Osun,ATAKUMOSA WEST,IFEWARA  I,00000,00000,00000,00000,00000,00000,00000,00000,00000,00000,00000,00000,00000,00000,00000,00000,00000,00000,00000,00000,00000,5
Osun,ATAKUMOSA WEST,IFEWARA  II,00000,00000,00000,00000,00000,00000,00000,00000,00000,00000,00000,00000,00000,00000,00000,00000,00000,00000,00000,00000,00000,5
Osun,ATAKUMOSA WEST,ISA OBI,0000,0000,0000,0000,0000,0000,0000,0000,0000,0000,0000,0000,0000,0000,0000,0000,0000,0000,0000,0000,0000,4
Osun,ATAKUMOSA WEST,ITAGUNMODI,000000,000000,000000,000000,000000,000000,000000,000000,000000,000000,000000,000000,000000,000000,000000,000000,000000,000000,000000,000000,000000,6
Osun,ATAKUMOSA WEST,MUROKO,000000,000000,000000,000000,000000,000000,000000,000000,000000,000000,000000,000000,000000,000000,000000,000000,000000,000000,000000,000000,000000,6
Osun,ATAKUMOSA WEST,OKE BODE,00000000000,00000000000,00000000000,00000000000,00000000000,00000000000,00000000000,00000000000,00000000000,00000000000,00000000000,00000000000,00000000000,00000000000,00000000000,00000000000,00000000000,00000000000,00000000000,00000000000,00000000000,11
Osun,ATAKUMOSA WEST,OSU  III,000518000,000149000,0007000,000149000,000518000,000142000,00081000,0000000,0000000,0005000,0000000,00056000,0000000,0000000,0000000,0000000,0000000,0000000,0000000,0000000,0000000,7
Osun,ATAKUMOSA WEST,OSU I,0000000,0000000,0000000,0000000,0000000,0000000,0000000,0000000,0000000,0000000,0000000,0000000,0000000,0000000,0000000,0000000,0000000,0000000,0000000,0000000,0000000,7
Osun,ATAKUMOSA WEST,OSU II,00000000000,00000000000,00000000000,00000000000,00000000000,00000000000,00000000000,00000000000,00000000000,00000000000,00000000000,00000000000,00000000000,00000000000,00000000000,00000000000,00000000000,00000000000,00000000000,00000000000,00000000000,11
Osun,AYEDAADE,ANLUGBUA,0000000000000000000000,0000000000000000000000,0000000000000000000000,0000000000000000000000,0000000000000000000000,0000000000000000000000,0000000000000000000000,0000000000000000000000,0000000000000000000000,0000000000000000000000,0000000000000000000000,0000000000000000000000,0000000000000000000000,0000000000000000000000,0000000000000000000000,0000000000000000000000,0000000000000000000000,0000000000000000000000,0000000000000000000000,0000000000000000000000,0000000000000000000000,22
Osun,AYEDAADE,ARAROMI-OWU,00000000,00000000,00000000,00000000,00000000,00000000,00000000,00000000,00000000,00000000,00000000,00000000,00000000,00000000,00000000,00000000,00000000,00000000,00000000,00000000,00000000,8
Osun,AYEDAADE,BALOGUN,0000000000,0000000000,0000000000,0000000000,0000000000,0000000000,0000000000,0000000000,0000000000,0000000000,0000000000,0000000000,0000000000,0000000000,0000000000,0000000000,0000000000,0000000000,0000000000,0000000000,0000000000,10
Osun,AYEDAADE,GBONGAN RURAL,00000000000000000,00000000000000000,00000000000000000,00000000000000000,00000000000000000,00000000000000000,00000000000000000,00000000000000000,00000000000000000,00000000000000000,00000000000000000,00000000000000000,00000000000000000,00000000000000000,00000000000000000,00000000000000000,00000000000000000,00000000000000000,00000000000000000,00000000000000000,00000000000000000,17
Osun,AYEDAADE,IJEGBE/OKE-ESO/OKE-OWU IJUGBE,000000000000000000,000000000000000000,000000000000000000,000000000000000000,000000000000000000,000000000000000000,000000000000000000,000000000000000000,000000000000000000,000000000000000000,000000000000000000,000000000000000000,000000000000000000,000000000000000000,000000000000000000,000000000000000000,000000000000000000,000000000000000000,000000000000000000,000000000000000000,000000000000000000,18
Osun,AYEDAADE,LAGERE/AMOLA,0000000000000000,0000000000000000,0000000000000000,0000000000000000,0000000000000000,0000000000000000,0000000000000000,0000000000000000,0000000000000000,0000000000000000,0000000000000000,0000000000000000,0000000000000000,0000000000000000,0000000000000000,0000000000000000,0000000000000000,0000000000000000,0000000000000000,0000000000000000,0000000000000000,16
Osun,AYEDAADE,OBALUFON,0000000000,0000000000,0000000000,0000000000,0000000000,0000000000,0000000000,0000000000,0000000000,0000000000,0000000000,0000000000,0000000000,0000000000,0000000000,0000000000,0000000000,0000000000,0000000000,0000000000,0000000000,10
Osun,AYEDAADE,ODE-OMU RURAL,00000000000,00000000000,00000000000,00000000000,00000000000,00000000000,00000000000,00000000000,00000000000,00000000000,00000000000,00000000000,00000000000,00000000000,00000000000,00000000000,00000000000,00000000000,00000000000,00000000000,00000000000,11
Osun,AYEDAADE,OLUFI,000000000,000000000,000000000,000000000,000000000,000000000,000000000,000000000,000000000,000000000,000000000,000000000,000000000,000000000,000000000,000000000,000000000,000000000,000000000,000000000,000000000,9
Osun,AYEDAADE,OTUN BALOGUN,0000000000,0000000000,0000000000,0000000000,0000000000,0000000000,0000000000,0000000000,0000000000,0000000000,0000000000,0000000000,0000000000,0000000000,0000000000,0000000000,0000000000,0000000000,0000000000,0000000000,0000000000,10
Osun,AYEDAADE,OTUN-OLUFI,0000000000000000000,0000000000000000000,0000000000000000000,0000000000000000000,0000000000000000000,0000000000000000000,0000000000000000000,0000000000000000000,0000000000000000000,0000000000000000000,0000000000000000000,0000000000000000000,0000000000000000000,0000000000000000000,0000000000000000000,0000000000000000000,0000000000000000000,0000000000000000000,0000000000000000000,0000000000000000000,0000000000000000000,19
Osun,AYEDIRE,ILEOGBO  I,0000000,0000000,0000000,0000000,0000000,0000000,0000000,0000000,0000000,0000000,0000000,0000000,0000000,0000000,0000000,0000000,0000000,0000000,0000000,0000000,0000000,7
Osun,AYEDIRE,ILEOGBO  II,000000,000000,000000,000000,000000,000000,000000,000000,000000,000000,000000,000000,000000,000000,000000,000000,000000,000000,000000,000000,000000,6
Osun,AYEDIRE,ILEOGBO  III,0000000,0000000,0000000,0000000,0000000,0000000,0000000,0000000,0000000,0000000,0000000,0000000,0000000,0000000,0000000,0000000,0000000,0000000,0000000,0000000,0000000,7
Osun,AYEDIRE,ILEOGBO  IV,000000,000000,000000,000000,000000,000000,000000,000000,000000,000000,000000,000000,000000,000000,000000,000000,000000,000000,000000,000000,000000,6
Osun,AYEDIRE,KUTA  I,000000,000000,000000,000000,000000,000000,000000,000000,000000,000000,000000,000000,000000,000000,000000,000000,000000,000000,000000,000000,000000,6
Osun,AYEDIRE,KUTA  II,00000,00000,00000,00000,00000,00000,00000,00000,00000,00000,00000,00000,00000,00000,00000,00000,00000,00000,00000,00000,00000,5
Osun,AYEDIRE,OKE-OSUN,00000000000,00000000000,00000000000,00000000000,00000000000,00000000000,00000000000,00000000000,00000000000,00000000000,00000000000,00000000000,00000000000,00000000000,00000000000,00000000000,00000000000,00000000000,00000000000,00000000000,00000000000,11
Osun,AYEDIRE,OLUPONNA  1,0000000,0000000,0000000,0000000,0000000,0000000,0000000,0000000,0000000,0000000,0000000,0000000,0000000,0000000,0000000,0000000,0000000,0000000,0000000,0000000,0000000,7
Osun,AYEDIRE,OLUPONNA  1I,0000000,0000000,0000000,0000000,0000000,0000000,0000000,0000000,0000000,0000000,0000000,0000000,0000000,0000000,0000000,0000000,0000000,0000000,0000000,0000000,0000000,7
Osun,AYEDIRE,OLUPONNA  1II,00000,00000,00000,00000,00000,00000,00000,00000,00000,00000,00000,00000,00000,00000,00000,00000,00000,00000,00000,00000,00000,5
Osun,BOLUWADURO,ERIPA,0000000,0000000,0000000,0000000,0000000,0000000,0000000,0000000,0000000,0000000,0000000,0000000,0000000,0000000,0000000,0000000,0000000,0000000,0000000,0000000,0000000,7
Osun,BOLUWADURO,GBELERU OBAALA I,000000,000000,000000,000000,000000,000000,000000,000000,000000,000000,000000,000000,000000,000000,000000,000000,000000,000000,000000,000000,000000,6
Osun,BOLUWADURO,GBELERU OBAALA II,00000000,00000000,00000000,00000000,00000000,00000000,00000000,00000000,00000000,00000000,00000000,00000000,00000000,00000000,00000000,00000000,00000000,00000000,00000000,00000000,00000000,8
Osun,BOLUWADURO,IRESI  I,0000000,0000000,0000000,0000000,0000000,0000000,0000000,0000000,0000000,0000000,0000000,0000000,0000000,0000000,0000000,0000000,0000000,0000000,0000000,0000000,0000000,7
Osun,BOLUWADURO,IRESI  II,000000000,000000000,000000000,000000000,000000000,000000000,000000000,000000000,000000000,000000000,000000000,000000000,000000000,000000000,000000000,000000000,000000000,000000000,000000000,000000000,000000000,9
Osun,BOLUWADURO,OBALA ILORO,0000000,0000000,0000000,0000000,0000000,0000000,0000000,0000000,0000000,0000000,0000000,0000000,0000000,0000000,0000000,0000000,0000000,0000000,0000000,0000000,0000000,7
Osun,BOLUWADURO,OKE ODE OTAN,0000000,0000000,0000000,0000000,0000000,0000000,0000000,0000000,0000000,0000000,0000000,0000000,0000000,0000000,0000000,0000000,0000000,0000000,0000000,0000000,0000000,7
Osun,BOLUWADURO,OKE-IRUN,0000000,0000000,0000000,0000000,0000000,0000000,0000000,0000000,0000000,0000000,0000000,0000000,0000000,0000000,0000000,0000000,0000000,0000000,0000000,0000000,0000000,7
Osun,BOLUWADURO,OKE-OMI OTAN,000000000,000000000,000000000,000000000,000000000,000000000,000000000,000000000,000000000,000000000,000000000,000000000,000000000,000000000,000000000,000000000,000000000,000000000,000000000,000000000,000000000,9
Osun,BOLUWADURO,OKE-OTAN,0000000,0000000,0000000,0000000,0000000,0000000,0000000,0000000,0000000,0000000,0000000,0000000,0000000,0000000,0000000,0000000,0000000,0000000,0000000,0000000,0000000,7
Osun,BORIPE,ADA I,000000,000000,000000,000000,000000,000000,000000,000000,000000,000000,000000,000000,000000,000000,000000,000000,000000,000000,000000,000000,000000,6
Osun,BORIPE,ADA II,00000000,00000000,00000000,00000000,00000000,00000000,00000000,00000000,00000000,00000000,00000000,00000000,00000000,00000000,00000000,00000000,00000000,00000000,00000000,00000000,00000000,8
Osun,BORIPE,AGBA,000000000,000000000,000000000,000000000,000000000,000000000,000000000,000000000,000000000,000000000,000000000,000000000,000000000,000000000,000000000,000000000,000000000,000000000,000000000,000000000,000000000,9
Osun,BORIPE,COLLEGE/EGBADA ROAD,000000000000000000,000000000000000000,000000000000000000,000000000000000000,000000000000000000,000000000000000000,000000000000000000,000000000000000000,000000000000000000,000000000000000000,000000000000000000,000000000000000000,000000000000000000,000000000000000000,000000000000000000,000000000000000000,000000000000000000,000000000000000000,000000000000000000,000000000000000000,000000000000000000,18
Osun,BORIPE,ISALE ASA IREE,0000000000000,0000000000000,0000000000000,0000000000000,0000000000000,0000000000000,0000000000000,0000000000000,0000000000000,0000000000000,0000000000000,0000000000000,0000000000000,0000000000000,0000000000000,0000000000000,0000000000000,0000000000000,0000000000000,0000000000000,0000000000000,13
Osun,BORIPE,ISALE-OYO,00000000000,00000000000,00000000000,00000000000,00000000000,00000000000,00000000000,00000000000,00000000000,00000000000,00000000000,00000000000,00000000000,00000000000,00000000000,00000000000,00000000000,00000000000,00000000000,00000000000,00000000000,11
Osun,BORIPE,OJA - OBA,000000000,000000000,000000000,000000000,000000000,000000000,000000000,000000000,000000000,000000000,000000000,000000000,000000000,000000000,000000000,000000000,000000000,000000000,000000000,000000000,000000000,9
Osun,BORIPE,OKE AREE,000000000,000000000,000000000,000000000,000000000,000000000,000000000,000000000,000000000,000000000,000000000,000000000,000000000,000000000,000000000,000000000,000000000,000000000,000000000,000000000,000000000,9
Osun,BORIPE,OKE ESA/OKE OGI,00000000000,00000000000,00000000000,00000000000,00000000000,00000000000,00000000000,00000000000,00000000000,00000000000,00000000000,00000000000,00000000000,00000000000,00000000000,00000000000,00000000000,00000000000,00000000000,00000000000,00000000000,11
Osun,BORIPE,OLOTI IRAGBIJI,0000000000000,0000000000000,0000000000000,0000000000000,0000000000000,0000000000000,0000000000000,0000000000000,0000000000000,0000000000000,0000000000000,0000000000000,0000000000000,0000000000000,0000000000000,0000000000000,0000000000000,0000000000000,0000000000000,0000000000000,0000000000000,13
Osun,BORIPE,ORORUWO,00000,00000,00000,00000,00000,00000,00000,00000,00000,00000,00000,00000,00000,00000,00000,00000,00000,00000,00000,00000,00000,5
Osun,EDE NORTH,ABOGUNDE/SAGBA,0000000000000000000000,0000000000000000000000,0000000000000000000000,0000000000000000000000,0000000000000000000000,0000000000000000000000,0000000000000000000000,0000000000000000000000,0000000000000000000000,0000000000000000000000,0000000000000000000000,0000000000000000000000,0000000000000000000000,0000000000000000000000,0000000000000000000000,0000000000000000000000,0000000000000000000000,0000000000000000000000,0000000000000000000000,0000000000000000000000,0000000000000000000000,22
Osun,EDE NORTH,ALUSEKERE,000000000000000000,000000000000000000,000000000000000000,000000000000000000,000000000000000000,000000000000000000,000000000000000000,000000000000000000,000000000000000000,000000000000000000,000000000000000000,000000000000000000,000000000000000000,000000000000000000,000000000000000000,000000000000000000,000000000000000000,000000000000000000,000000000000000000,000000000000000000,000000000000000000,18
Osun,EDE NORTH,APASO,0000000000,0000000000,0000000000,0000000000,0000000000,0000000000,0000000000,0000000000,0000000000,0000000000,0000000000,0000000000,0000000000,0000000000,0000000000,0000000000,0000000000,0000000000,0000000000,0000000000,0000000000,10
Osun,EDE NORTH,ASUNMO,00000000,00000000,00000000,00000000,00000000,00000000,00000000,00000000,00000000,00000000,00000000,00000000,00000000,00000000,00000000,00000000,00000000,00000000,00000000,00000000,00000000,8
Osun,EDE NORTH,BARA EJEMU,0000000,0000000,0000000,0000000,0000000,0000000,0000000,0000000,0000000,0000000,0000000,0000000,0000000,0000000,0000000,0000000,0000000,0000000,0000000,0000000,0000000,7
Osun,EDE NORTH,ISIBO/BUARI-ISOLA,0000000000000,0000000000000,0000000000000,0000000000000,0000000000000,0000000000000,0000000000000,0000000000000,0000000000000,0000000000000,0000000000000,0000000000000,0000000000000,0000000000000,0000000000000,0000000000000,0000000000000,0000000000000,0000000000000,0000000000000,0000000000000,13
Osun,EDE NORTH,OLABA/ATAPARA,0000000000,0000000000,0000000000,0000000000,0000000000,0000000000,0000000000,0000000000,0000000000,0000000000,0000000000,0000000000,0000000000,0000000000,0000000000,0000000000,0000000000,0000000000,0000000000,0000000000,0000000000,10
Osun,EDE NORTH,OLOGUN/AGBAAKIN,0000000000000,0000000000000,0000000000000,0000000000000,0000000000000,0000000000000,0000000000000,0000000000000,0000000000000,0000000000000,0000000000000,0000000000000,0000000000000,0000000000000,0000000000000,0000000000000,0000000000000,0000000000000,0000000000000,0000000000000,0000000000000,13
Osun,EDE NORTH,OLUSOKUN,000000000000,000000000000,000000000000,000000000000,000000000000,000000000000,000000000000,000000000000,000000000000,000000000000,000000000000,000000000000,000000000000,000000000000,000000000000,000000000000,000000000000,000000000000,000000000000,000000000000,000000000000,12
Osun,EDE NORTH,SABO/AGBONGBE I,00000000000,00000000000,00000000000,00000000000,00000000000,00000000000,00000000000,00000000000,00000000000,00000000000,00000000000,00000000000,00000000000,00000000000,00000000000,00000000000,00000000000,00000000000,00000000000,00000000000,00000000000,11
Osun,EDE NORTH,SABO/AGBONGBE II,000000000000000,000000000000000,000000000000000,000000000000000,000000000000000,000000000000000,000000000000000,000000000000000,000000000000000,000000000000000,000000000000000,000000000000000,000000000000000,000000000000000,000000000000000,000000000000000,000000000000000,000000000000000,000000000000000,000000000000000,000000000000000,15
Osun,EDE SOUTH,ALAJUE I,0000000000000000000000,0000000000000000000000,0000000000000000000000,0000000000000000000000,0000000000000000000000,0000000000000000000000,0000000000000000000000,0000000000000000000000,0000000000000000000000,0000000000000000000000,0000000000000000000000,0000000000000000000000,0000000000000000000000,0000000000000000000000,0000000000000000000000,0000000000000000000000,0000000000000000000000,0000000000000000000000,0000000000000000000000,0000000000000000000000,0000000000000000000000,22
Osun,EDE SOUTH,ALAJUE II,000000000,000000000,000000000,000000000,000000000,000000000,000000000,000000000,000000000,000000000,000000000,000000000,000000000,000000000,000000000,000000000,000000000,000000000,000000000,000000000,000000000,9
Osun,EDE SOUTH,BABANLA/AGATE,000000000,000000000,000000000,000000000,000000000,000000000,000000000,000000000,000000000,000000000,000000000,000000000,000000000,000000000,000000000,000000000,000000000,000000000,000000000,000000000,000000000,9
Osun,EDE SOUTH,BABASANYA,0000000,0000000,0000000,0000000,0000000,0000000,0000000,0000000,0000000,0000000,0000000,0000000,0000000,0000000,0000000,0000000,0000000,0000000,0000000,0000000,0000000,7
Osun,EDE SOUTH,JAGUN/JAGUN,0000000000000000,0000000000000000,0000000000000000,0000000000000000,0000000000000000,0000000000000000,0000000000000000,0000000000000000,0000000000000000,0000000000000000,0000000000000000,0000000000000000,0000000000000000,0000000000000000,0000000000000000,0000000000000000,0000000000000000,0000000000000000,0000000000000000,0000000000000000,0000000000000000,16
Osun,EDE SOUTH,KUYE,00000,00000,00000,00000,00000,00000,00000,00000,00000,00000,00000,00000,00000,00000,00000,00000,00000,00000,00000,00000,00000,5
Osun,EDE SOUTH,LOOGUN,00000000,00000000,00000000,00000000,00000000,00000000,00000000,00000000,00000000,00000000,00000000,00000000,00000000,00000000,00000000,00000000,00000000,00000000,00000000,00000000,00000000,8
Osun,EDE SOUTH,OLODAN,00000,00000,00000,00000,00000,00000,00000,00000,00000,00000,00000,00000,00000,00000,00000,00000,00000,00000,00000,00000,00000,5
Osun,EDE SOUTH,OLOKI/AKODA,0000000000,0000000000,0000000000,0000000000,0000000000,0000000000,0000000000,0000000000,0000000000,0000000000,0000000000,0000000000,0000000000,0000000000,0000000000,0000000000,0000000000,0000000000,0000000000,0000000000,0000000000,10
Osun,EDE SOUTH,SEKONA,0000000000,0000000000,0000000000,0000000000,0000000000,0000000000,0000000000,0000000000,0000000000,0000000000,0000000000,0000000000,0000000000,0000000000,0000000000,0000000000,0000000000,0000000000,0000000000,0000000000,0000000000,10
Osun,EGBEDORE,ARA I,000000,000000,000000,000000,000000,000000,000000,000000,000000,000000,000000,000000,000000,000000,000000,000000,000000,000000,000000,000000,000000,6
Osun,EGBEDORE,ARA II,000000000,000000000,000000000,000000000,000000000,000000000,000000000,000000000,000000000,000000000,000000000,000000000,000000000,000000000,000000000,000000000,000000000,000000000,000000000,000000000,000000000,9
Osun,EGBEDORE,AWO/ABUDO,0000000,0000000,0000000,0000000,0000000,0000000,0000000,0000000,0000000,0000000,0000000,0000000,0000000,0000000,0000000,0000000,0000000,0000000,0000000,0000000,0000000,7
Osun,EGBEDORE,IDO-OSUN,000000000000,000000000000,000000000000,000000000000,000000000000,000000000000,000000000000,000000000000,000000000000,000000000000,000000000000,000000000000,000000000000,000000000000,000000000000,000000000000,000000000000,000000000000,000000000000,000000000000,000000000000,12
Osun,EGBEDORE,IKOTUN,000,000,000,000,000,000,000,000,000,000,000,000,000,000,000,000,000,000,000,000,000,3
Osun,EGBEDORE,IRA GBERI I,0000,0000,0000,0000,0000,0000,0000,0000,0000,0000,0000,0000,0000,0000,0000,0000,0000,0000,0000,0000,0000,4
Osun,EGBEDORE,IRA GBERI II,00000,00000,00000,00000,00000,00000,00000,00000,00000,00000,00000,00000,00000,00000,00000,00000,00000,00000,00000,00000,00000,5
Osun,EGBEDORE,IWOYE/IDOO/ORIGO,00000,00000,00000,00000,00000,00000,00000,00000,00000,00000,00000,00000,00000,00000,00000,00000,00000,00000,00000,00000,00000,5
Osun,EGBEDORE,OJO/ARO,0000,0000,0000,0000,0000,0000,0000,0000,0000,0000,0000,0000,0000,0000,0000,0000,0000,0000,0000,0000,0000,4
Osun,EGBEDORE,OKINNI/OLORUNSOGO/OFATEDO,00000000000000000000000000000000000,00000000000000000000000000000000000,00000000000000000000000000000000000,00000000000000000000000000000000000,00000000000000000000000000000000000,00000000000000000000000000000000000,00000000000000000000000000000000000,00000000000000000000000000000000000,00000000000000000000000000000000000,00000000000000000000000000000000000,00000000000000000000000000000000000,00000000000000000000000000000000000,00000000000000000000000000000000000,00000000000000000000000000000000000,00000000000000000000000000000000000,00000000000000000000000000000000000,00000000000000000000000000000000000,00000000000000000000000000000000000,00000000000000000000000000000000000,00000000000000000000000000000000000,00000000000000000000000000000000000,35
Osun,EJIGBO,ELEJIGBO 'A',0000000000,0000000000,0000000000,0000000000,0000000000,0000000000,0000000000,0000000000,0000000000,0000000000,0000000000,0000000000,0000000000,0000000000,0000000000,0000000000,0000000000,0000000000,0000000000,0000000000,0000000000,10
Osun,EJIGBO,ELEJIGBO 'B'/OSOLO,00000000000000000000,00000000000000000000,00000000000000000000,00000000000000000000,00000000000000000000,00000000000000000000,00000000000000000000,00000000000000000000,00000000000000000000,00000000000000000000,00000000000000000000,00000000000000000000,00000000000000000000,00000000000000000000,00000000000000000000,00000000000000000000,00000000000000000000,00000000000000000000,00000000000000000000,00000000000000000000,00000000000000000000,20
Osun,EJIGBO,ELEJIGBO 'C'/MAPO,000000000000,000000000000,000000000000,000000000000,000000000000,000000000000,000000000000,000000000000,000000000000,000000000000,000000000000,000000000000,000000000000,000000000000,000000000000,000000000000,000000000000,000000000000,000000000000,000000000000,000000000000,12
Osun,EJIGBO,ELEJIGBO 'D'/EJEMU,0000000000000,0000000000000,0000000000000,0000000000000,0000000000000,0000000000000,0000000000000,0000000000000,0000000000000,0000000000000,0000000000000,0000000000000,0000000000000,0000000000000,0000000000000,0000000000000,0000000000000,0000000000000,0000000000000,0000000000000,0000000000000,13
Osun,EJIGBO,ELEJIGBO/AYEGBOGBO,0000000000,0000000000,0000000000,0000000000,0000000000,0000000000,0000000000,0000000000,0000000000,0000000000,0000000000,0000000000,0000000000,0000000000,0000000000,0000000000,0000000000,0000000000,0000000000,0000000000,0000000000,10
Osun,EJIGBO,IFEODAN 'A'/OWU-ILE,00000000,00000000,00000000,00000000,00000000,00000000,00000000,00000000,00000000,00000000,00000000,00000000,00000000,00000000,00000000,00000000,00000000,00000000,00000000,00000000,00000000,8
Osun,EJIGBO,IFEODAN 'B'/MASIFA,000000000000,000000000000,000000000000,000000000000,000000000000,000000000000,000000000000,000000000000,000000000000,000000000000,000000000000,000000000000,000000000000,000000000000,000000000000,000000000000,000000000000,000000000000,000000000000,000000000000,000000000000,12
Osun,EJIGBO,ILAWO/ISOKO/ISUNDUNRIN,0000000000000,0000000000000,0000000000000,0000000000000,0000000000000,0000000000000,0000000000000,0000000000000,0000000000000,0000000000000,0000000000000,0000000000000,0000000000000,0000000000000,0000000000000,0000000000000,0000000000000,0000000000000,0000000000000,0000000000000,0000000000000,13
Osun,EJIGBO,INISA I/AATO/IGBON,0000000000,0000000000,0000000000,0000000000,0000000000,0000000000,0000000000,0000000000,0000000000,0000000000,0000000000,0000000000,0000000000,0000000000,0000000000,0000000000,0000000000,0000000000,0000000000,0000000000,0000000000,10
Osun,EJIGBO,INISA II/AFAAKE/AYEGUNLE,00000000000000,00000000000000,00000000000000,00000000000000,00000000000000,00000000000000,00000000000000,00000000000000,00000000000000,00000000000000,00000000000000,00000000000000,00000000000000,00000000000000,00000000000000,00000000000000,00000000000000,00000000000000,00000000000000,00000000000000,00000000000000,14
Osun,EJIGBO,OLA/AYE/AGURODO,00000000000,00000000000,00000000000,00000000000,00000000000,00000000000,00000000000,00000000000,00000000000,00000000000,00000000000,00000000000,00000000000,00000000000,00000000000,00000000000,00000000000,00000000000,00000000000,00000000000,00000000000,11
Osun,IFE CENTRAL,AKARABATA,000000000000000,000000000000000,000000000000000,000000000000000,000000000000000,000000000000000,000000000000000,000000000000000,000000000000000,000000000000000,000000000000000,000000000000000,000000000000000,000000000000000,000000000000000,000000000000000,000000000000000,000000000000000,000000000000000,000000000000000,000000000000000,15
Osun,IFE CENTRAL,ILARE I,000000000000000000000,000000000000000000000,000000000000000000000,000000000000000000000,000000000000000000000,000000000000000000000,000000000000000000000,000000000000000000000,000000000000000000000,000000000000000000000,000000000000000000000,000000000000000000000,000000000000000000000,000000000000000000000,000000000000000000000,000000000000000000000,000000000000000000000,000000000000000000000,000000000000000000000,000000000000000000000,000000000000000000000,21
Osun,IFE CENTRAL,ILARE II,000000000000000000,000000000000000000,000000000000000000,000000000000000000,000000000000000000,000000000000000000,000000000000000000,000000000000000000,000000000000000000,000000000000000000,000000000000000000,000000000000000000,000000000000000000,000000000000000000,000000000000000000,000000000000000000,000000000000000000,000000000000000000,000000000000000000,000000000000000000,000000000000000000,18
Osun,IFE CENTRAL,ILARE III,0000000000000,0000000000000,0000000000000,0000000000000,0000000000000,0000000000000,0000000000000,0000000000000,0000000000000,0000000000000,0000000000000,0000000000000,0000000000000,0000000000000,0000000000000,0000000000000,0000000000000,0000000000000,0000000000000,0000000000000,0000000000000,13
Osun,IFE CENTRAL,ILARE IV,00000000000000000000,00000000000000000000,00000000000000000000,00000000000000000000,00000000000000000000,00000000000000000000,00000000000000000000,00000000000000000000,00000000000000000000,00000000000000000000,00000000000000000000,00000000000000000000,00000000000000000000,00000000000000000000,00000000000000000000,00000000000000000000,00000000000000000000,00000000000000000000,00000000000000000000,00000000000000000000,00000000000000000000,20
Osun,IFE CENTRAL,IREMO II (ELEYELE),0000000000000000000000,0000000000000000000000,0000000000000000000000,0000000000000000000000,0000000000000000000000,0000000000000000000000,0000000000000000000000,0000000000000000000000,0000000000000000000000,0000000000000000000000,0000000000000000000000,0000000000000000000000,0000000000000000000000,0000000000000000000000,0000000000000000000000,0000000000000000000000,0000000000000000000000,0000000000000000000000,0000000000000000000000,0000000000000000000000,0000000000000000000000,22
Osun,IFE CENTRAL,IREMO III,00000000000000000000000,00000000000000000000000,00000000000000000000000,00000000000000000000000,00000000000000000000000,00000000000000000000000,00000000000000000000000,00000000000000000000000,00000000000000000000000,00000000000000000000000,00000000000000000000000,00000000000000000000000,00000000000000000000000,00000000000000000000000,00000000000000000000000,00000000000000000000000,00000000000000000000000,00000000000000000000000,00000000000000000000000,00000000000000000000000,00000000000000000000000,23
Osun,IFE CENTRAL,IREMO IV,00000000000,00000000000,00000000000,00000000000,00000000000,00000000000,00000000000,00000000000,00000000000,00000000000,00000000000,00000000000,00000000000,00000000000,00000000000,00000000000,00000000000,00000000000,00000000000,00000000000,00000000000,11
Osun,IFE CENTRAL,IREMO V,0000000000000000000,0000000000000000000,0000000000000000000,0000000000000000000,0000000000000000000,0000000000000000000,0000000000000000000,0000000000000000000,0000000000000000000,0000000000000000000,0000000000000000000,0000000000000000000,0000000000000000000,0000000000000000000,0000000000000000000,0000000000000000000,0000000000000000000,0000000000000000000,0000000000000000000,0000000000000000000,0000000000000000000,19
Osun,IFE CENTRAL,IREMO/AJEBANDELE,00000000000000000000000000000,00000000000000000000000000000,00000000000000000000000000000,00000000000000000000000000000,00000000000000000000000000000,00000000000000000000000000000,00000000000000000000000000000,00000000000000000000000000000,00000000000000000000000000000,00000000000000000000000000000,00000000000000000000000000000,00000000000000000000000000000,00000000000000000000000000000,00000000000000000000000000000,00000000000000000000000000000,00000000000000000000000000000,00000000000000000000000000000,00000000000000000000000000000,00000000000000000000000000000,00000000000000000000000000000,00000000000000000000000000000,29
Osun,IFE CENTRAL,MOORE OJAJA,000000000000000000000000,000000000000000000000000,000000000000000000000000,000000000000000000000000,000000000000000000000000,000000000000000000000000,000000000000000000000000,000000000000000000000000,000000000000000000000000,000000000000000000000000,000000000000000000000000,000000000000000000000000,000000000000000000000000,000000000000000000000000,000000000000000000000000,000000000000000000000000,000000000000000000000000,000000000000000000000000,000000000000000000000000,000000000000000000000000,000000000000000000000000,24
Osun,IFE EAST,ILODE  I,00000000000000260,00000000000000170,000000000000003,00000000000000170,00000000000000260,00000000000000167,00000000000000134,000000000000000,000000000000000,000000000000002,000000000000001,0000000000000030,000000000000000,000000000000000,000000000000000,000000000000000,000000000000000,000000000000000,000000000000000,000000000000000,000000000000000,15
Osun,IFE EAST,ILODE  II,0000000000000,0000000000000,0000000000000,0000000000000,0000000000000,0000000000000,0000000000000,0000000000000,0000000000000,0000000000000,0000000000000,0000000000000,0000000000000,0000000000000,0000000000000,0000000000000,0000000000000,0000000000000,0000000000000,0000000000000,0000000000000,13
Osun,IFE EAST,MODAKEKE  II,00000000000000000000000000000,00000000000000000000000000000,00000000000000000000000000000,00000000000000000000000000000,00000000000000000000000000000,00000000000000000000000000000,00000000000000000000000000000,00000000000000000000000000000,00000000000000000000000000000,00000000000000000000000000000,00000000000000000000000000000,00000000000000000000000000000,00000000000000000000000000000,00000000000000000000000000000,00000000000000000000000000000,00000000000000000000000000000,00000000000000000000000000000,00000000000000000000000000000,00000000000000000000000000000,00000000000000000000000000000,00000000000000000000000000000,29
Osun,IFE EAST,MODAKEKE  III,0000000000000000000000000000000,0000000000000000000000000000000,0000000000000000000000000000000,0000000000000000000000000000000,0000000000000000000000000000000,0000000000000000000000000000000,0000000000000000000000000000000,0000000000000000000000000000000,0000000000000000000000000000000,0000000000000000000000000000000,0000000000000000000000000000000,0000000000000000000000000000000,0000000000000000000000000000000,0000000000000000000000000000000,0000000000000000000000000000000,0000000000000000000000000000000,0000000000000000000000000000000,0000000000000000000000000000000,0000000000000000000000000000000,0000000000000000000000000000000,0000000000000000000000000000000,31
Osun,IFE EAST,MODAKEKE I,000000000000000000000000000,000000000000000000000000000,000000000000000000000000000,000000000000000000000000000,000000000000000000000000000,000000000000000000000000000,000000000000000000000000000,000000000000000000000000000,000000000000000000000000000,000000000000000000000000000,000000000000000000000000000,000000000000000000000000000,000000000000000000000000000,000000000000000000000000000,000000000000000000000000000,000000000000000000000000000,000000000000000000000000000,000000000000000000000000000,000000000000000000000000000,000000000000000000000000000,000000000000000000000000000,27
Osun,IFE EAST,MOORE,0000000000000000000000,0000000000000000000000,0000000000000000000000,0000000000000000000000,0000000000000000000000,0000000000000000000000,0000000000000000000000,0000000000000000000000,0000000000000000000000,0000000000000000000000,0000000000000000000000,0000000000000000000000,0000000000000000000000,0000000000000000000000,0000000000000000000000,0000000000000000000000,0000000000000000000000,0000000000000000000000,0000000000000000000000,0000000000000000000000,0000000000000000000000,22
Osun,IFE EAST,OKEREWE  I,00000000000000000000,00000000000000000000,00000000000000000000,00000000000000000000,00000000000000000000,00000000000000000000,00000000000000000000,00000000000000000000,00000000000000000000,00000000000000000000,00000000000000000000,00000000000000000000,00000000000000000000,00000000000000000000,00000000000000000000,00000000000000000000,00000000000000000000,00000000000000000000,00000000000000000000,00000000000000000000,00000000000000000000,20
Osun,IFE EAST,OKEREWE  II,00000000000000,00000000000000,00000000000000,00000000000000,00000000000000,00000000000000,00000000000000,00000000000000,00000000000000,00000000000000,00000000000000,00000000000000,00000000000000,00000000000000,00000000000000,00000000000000,00000000000000,00000000000000,00000000000000,00000000000000,00000000000000,14
Osun,IFE EAST,OKEREWE  III,00000000000000000000,00000000000000000000,00000000000000000000,00000000000000000000,00000000000000000000,00000000000000000000,00000000000000000000,00000000000000000000,00000000000000000000,00000000000000000000,00000000000000000000,00000000000000000000,00000000000000000000,00000000000000000000,00000000000000000000,00000000000000000000,00000000000000000000,00000000000000000000,00000000000000000000,00000000000000000000,00000000000000000000,20
Osun,IFE EAST,YEKEMI,000000000,000000000,000000000,000000000,000000000,000000000,000000000,000000000,000000000,000000000,000000000,000000000,000000000,000000000,000000000,000000000,000000000,000000000,000000000,000000000,000000000,9
Osun,IFE NORTH,ASIPA/AKINLALU,0000000000,0000000000,0000000000,0000000000,0000000000,0000000000,0000000000,0000000000,0000000000,0000000000,0000000000,0000000000,0000000000,0000000000,0000000000,0000000000,0000000000,0000000000,0000000000,0000000000,0000000000,10
Osun,IFE NORTH,EDUNABON  I,00000000000,00000000000,00000000000,00000000000,00000000000,00000000000,00000000000,00000000000,00000000000,00000000000,00000000000,00000000000,00000000000,00000000000,00000000000,00000000000,00000000000,00000000000,00000000000,00000000000,00000000000,11
Osun,IFE NORTH,EDUNABON  II,000000000000,000000000000,000000000000,000000000000,000000000000,000000000000,000000000000,000000000000,000000000000,000000000000,000000000000,000000000000,000000000000,000000000000,000000000000,000000000000,000000000000,000000000000,000000000000,000000000000,000000000000,12
Osun,IFE NORTH,FAMIA,00000000,00000000,00000000,00000000,00000000,00000000,00000000,00000000,00000000,00000000,00000000,00000000,00000000,00000000,00000000,00000000,00000000,00000000,00000000,00000000,00000000,8
Osun,IFE NORTH,IPETUMODU  I,000000000000000000,000000000000000000,000000000000000000,000000000000000000,000000000000000000,000000000000000000,000000000000000000,000000000000000000,000000000000000000,000000000000000000,000000000000000000,000000000000000000,000000000000000000,000000000000000000,000000000000000000,000000000000000000,000000000000000000,000000000000000000,000000000000000000,000000000000000000,000000000000000000,18
Osun,IFE NORTH,IPETUMODU  II,0000000000000000000,0000000000000000000,0000000000000000000,0000000000000000000,0000000000000000000,0000000000000000000,0000000000000000000,0000000000000000000,0000000000000000000,0000000000000000000,0000000000000000000,0000000000000000000,0000000000000000000,0000000000000000000,0000000000000000000,0000000000000000000,0000000000000000000,0000000000000000000,0000000000000000000,0000000000000000000,0000000000000000000,19
Osun,IFE NORTH,MORO,000000000000,000000000000,000000000000,000000000000,000000000000,000000000000,000000000000,000000000000,000000000000,000000000000,000000000000,000000000000,000000000000,000000000000,000000000000,000000000000,000000000000,000000000000,000000000000,000000000000,000000000000,12
Osun,IFE NORTH,OYERE - II,00000000,00000000,00000000,00000000,00000000,00000000,00000000,00000000,00000000,00000000,00000000,00000000,00000000,00000000,00000000,00000000,00000000,00000000,00000000,00000000,00000000,8
Osun,IFE NORTH,OYERE I,000000,000000,000000,000000,000000,000000,000000,000000,000000,000000,000000,000000,000000,000000,000000,000000,000000,000000,000000,000000,000000,6
Osun,IFE NORTH,YAKOYO,005060000,002370000,0000000,002370000,005060000,002370000,001230000,0000000,0000000,0050000,0000000,001070000,0000000,0000000,0000000,0000000,0000000,0000000,0000000,0000000,0020000,7
Osun,IFE SOUTH,AARE,000000000000,000000000000,000000000000,000000000000,000000000000,000000000000,000000000000,000000000000,000000000000,000000000000,000000000000,000000000000,000000000000,000000000000,000000000000,000000000000,000000000000,000000000000,000000000000,000000000000,000000000000,12
Osun,IFE SOUTH,ABIRI OGUDU,0000000000,0000000000,0000000000,0000000000,0000000000,0000000000,0000000000,0000000000,0000000000,0000000000,0000000000,0000000000,0000000000,0000000000,0000000000,0000000000,0000000000,0000000000,0000000000,0000000000,0000000000,10
Osun,IFE SOUTH,AYE,00000000000,00000000000,00000000000,00000000000,00000000000,00000000000,00000000000,00000000000,00000000000,00000000000,00000000000,00000000000,00000000000,00000000000,00000000000,00000000000,00000000000,00000000000,00000000000,00000000000,00000000000,11
Osun,IFE SOUTH,AYESAN,00000000000,00000000000,00000000000,00000000000,00000000000,00000000000,00000000000,00000000000,00000000000,00000000000,00000000000,00000000000,00000000000,00000000000,00000000000,00000000000,00000000000,00000000000,00000000000,00000000000,00000000000,11
Osun,IFE SOUTH,IKIJA  I,00000000000,00000000000,00000000000,00000000000,00000000000,00000000000,00000000000,00000000000,00000000000,00000000000,00000000000,00000000000,00000000000,00000000000,00000000000,00000000000,00000000000,00000000000,00000000000,00000000000,00000000000,11
Osun,IFE SOUTH,IKIJA  II,00000000000,00000000000,00000000000,00000000000,00000000000,00000000000,00000000000,00000000000,00000000000,00000000000,00000000000,00000000000,00000000000,00000000000,00000000000,00000000000,00000000000,00000000000,00000000000,00000000000,00000000000,11
Osun,IFE SOUTH,KERE,000000000000,000000000000,000000000000,000000000000,000000000000,000000000000,000000000000,000000000000,000000000000,000000000000,000000000000,000000000000,000000000000,000000000000,000000000000,000000000000,000000000000,000000000000,000000000000,000000000000,000000000000,12
Osun,IFE SOUTH,MEFOWORADE,0000000000000,0000000000000,0000000000000,0000000000000,0000000000000,0000000000000,0000000000000,0000000000000,0000000000000,0000000000000,0000000000000,0000000000000,0000000000000,0000000000000,0000000000000,0000000000000,0000000000000,0000000000000,0000000000000,0000000000000,0000000000000,13
Osun,IFE SOUTH,OKE OWENA,0000000000,0000000000,0000000000,0000000000,0000000000,0000000000,0000000000,0000000000,0000000000,0000000000,0000000000,0000000000,0000000000,0000000000,0000000000,0000000000,0000000000,0000000000,0000000000,0000000000,0000000000,10
Osun,IFE SOUTH,OLODE,0000000000000000000,0000000000000000000,0000000000000000000,0000000000000000000,0000000000000000000,0000000000000000000,0000000000000000000,0000000000000000000,0000000000000000000,0000000000000000000,0000000000000000000,0000000000000000000,0000000000000000000,0000000000000000000,0000000000000000000,0000000000000000000,0000000000000000000,0000000000000000000,0000000000000000000,0000000000000000000,0000000000000000000,19
Osun,IFE SOUTH,OSI,00000000000,00000000000,00000000000,00000000000,00000000000,00000000000,00000000000,00000000000,00000000000,00000000000,00000000000,00000000000,00000000000,00000000000,00000000000,00000000000,00000000000,00000000000,00000000000,00000000000,00000000000,11
Osun,IFEDAYO,AKESIN,000000,000000,000000,000000,000000,000000,000000,000000,000000,000000,000000,000000,000000,000000,000000,000000,000000,000000,000000,000000,000000,6
Osun,IFEDAYO,ASAONI,0000000,0000000,0000000,0000000,0000000,0000000,0000000,0000000,0000000,0000000,0000000,0000000,0000000,0000000,0000000,0000000,0000000,0000000,0000000,0000000,0000000,7
Osun,IFEDAYO,AWORO/OKE-ILA RURAL,0000000,0000000,0000000,0000000,0000000,0000000,0000000,0000000,0000000,0000000,0000000,0000000,0000000,0000000,0000000,0000000,0000000,0000000,0000000,0000000,0000000,7
Osun,IFEDAYO,AYETORO,000000,000000,000000,000000,000000,000000,000000,000000,000000,000000,000000,000000,000000,000000,000000,000000,000000,000000,000000,000000,000000,6
Osun,IFEDAYO,BALOGUN,00000,00000,00000,00000,00000,00000,00000,00000,00000,00000,00000,00000,00000,00000,00000,00000,00000,00000,00000,00000,00000,5
Osun,IFEDAYO,CO-OPERATIVE,00000,00000,00000,00000,00000,00000,00000,00000,00000,00000,00000,00000,00000,00000,00000,00000,00000,00000,00000,00000,00000,5
Osun,IFEDAYO,ISINMI,00000,00000,00000,00000,00000,00000,00000,00000,00000,00000,00000,00000,00000,00000,00000,00000,00000,00000,00000,00000,00000,5
Osun,IFEDAYO,OBAALE,0000000,0000000,0000000,0000000,0000000,0000000,0000000,0000000,0000000,0000000,0000000,0000000,0000000,0000000,0000000,0000000,0000000,0000000,0000000,0000000,0000000,7
Osun,IFEDAYO,OYI,00000000,00000000,00000000,00000000,00000000,00000000,00000000,00000000,00000000,00000000,00000000,00000000,00000000,00000000,00000000,00000000,00000000,00000000,00000000,00000000,00000000,8
Osun,IFEDAYO,TEMIDIRE,0000000,0000000,0000000,0000000,0000000,0000000,0000000,0000000,0000000,0000000,0000000,0000000,0000000,0000000,0000000,0000000,0000000,0000000,0000000,0000000,0000000,7
Osun,IFELODUN,AMOLA IKIRUN,0000000000,0000000000,0000000000,0000000000,0000000000,0000000000,0000000000,0000000000,0000000000,0000000000,0000000000,0000000000,0000000000,0000000000,0000000000,0000000000,0000000000,0000000000,0000000000,0000000000,0000000000,10
Osun,IFELODUN,EESA IKIRUN,000000000,000000000,000000000,000000000,000000000,000000000,000000000,000000000,000000000,000000000,000000000,000000000,000000000,000000000,000000000,000000000,000000000,000000000,000000000,000000000,000000000,9
Osun,IFELODUN,EKOENDE/EKO AJALA,00000000000,00000000000,00000000000,00000000000,00000000000,00000000000,00000000000,00000000000,00000000000,00000000000,00000000000,00000000000,00000000000,00000000000,00000000000,00000000000,00000000000,00000000000,00000000000,00000000000,00000000000,11
Osun,IFELODUN,IBA  I,000000,000000,000000,000000,000000,000000,000000,000000,000000,000000,000000,000000,000000,000000,000000,000000,000000,000000,000000,000000,000000,6
Osun,IFELODUN,IBA  II,00000000,00000000,00000000,00000000,00000000,00000000,00000000,00000000,00000000,00000000,00000000,00000000,00000000,00000000,00000000,00000000,00000000,00000000,00000000,00000000,00000000,8
Osun,IFELODUN,IKIRUN RURAL,00000000000,00000000000,00000000000,00000000000,00000000000,00000000000,00000000000,00000000000,00000000000,00000000000,00000000000,00000000000,00000000000,00000000000,00000000000,00000000000,00000000000,00000000000,00000000000,00000000000,00000000000,11
Osun,IFELODUN,ISALE/OKE AFO,0000000000000000,0000000000000000,0000000000000000,0000000000000000,0000000000000000,0000000000000000,0000000000000000,0000000000000000,0000000000000000,0000000000000000,0000000000000000,0000000000000000,0000000000000000,0000000000000000,0000000000000000,0000000000000000,0000000000000000,0000000000000000,0000000000000000,0000000000000000,0000000000000000,16
Osun,IFELODUN,OBAGUN,000000000000,000000000000,000000000000,000000000000,000000000000,000000000000,000000000000,000000000000,000000000000,000000000000,000000000000,000000000000,000000000000,000000000000,000000000000,000000000000,000000000000,000000000000,000000000000,000000000000,000000000000,12
Osun,IFELODUN,OKEBA IKIRUN,000000000000000000000,000000000000000000000,000000000000000000000,000000000000000000000,000000000000000000000,000000000000000000000,000000000000000000000,000000000000000000000,000000000000000000000,000000000000000000000,000000000000000000000,000000000000000000000,000000000000000000000,000000000000000000000,000000000000000000000,000000000000000000000,000000000000000000000,000000000000000000000,000000000000000000000,000000000000000000000,000000000000000000000,21
Osun,IFELODUN,OLONDE IKIRUN,0000000000000,0000000000000,0000000000000,0000000000000,0000000000000,0000000000000,0000000000000,0000000000000,0000000000000,0000000000000,0000000000000,0000000000000,0000000000000,0000000000000,0000000000000,0000000000000,0000000000000,0000000000000,0000000000000,0000000000000,0000000000000,13
Osun,IFELODUN,OWODE IKIRUN,0000000000,0000000000,0000000000,0000000000,0000000000,0000000000,0000000000,0000000000,0000000000,0000000000,0000000000,0000000000,0000000000,0000000000,0000000000,0000000000,0000000000,0000000000,0000000000,0000000000,0000000000,10
Osun,IFELODUN,"STATION ROAD, IKIRUN",000000000000000000,000000000000000000,000000000000000000,000000000000000000,000000000000000000,000000000000000000,000000000000000000,000000000000000000,000000000000000000,000000000000000000,000000000000000000,000000000000000000,000000000000000000,000000000000000000,000000000000000000,000000000000000000,000000000000000000,000000000000000000,000000000000000000,000000000000000000,000000000000000000,18
Osun,ILA,AJABA/EDEMOSI/ABA ORANGUN,0000000000,0000000000,0000000000,0000000000,0000000000,0000000000,0000000000,0000000000,0000000000,0000000000,0000000000,0000000000,0000000000,0000000000,0000000000,0000000000,0000000000,0000000000,0000000000,0000000000,0000000000,10
Osun,ILA,EJIGBO  I,0000000000000000,0000000000000000,0000000000000000,0000000000000000,0000000000000000,0000000000000000,0000000000000000,0000000000000000,0000000000000000,0000000000000000,0000000000000000,0000000000000000,0000000000000000,0000000000000000,0000000000000000,0000000000000000,0000000000000000,0000000000000000,0000000000000000,0000000000000000,0000000000000000,16
Osun,ILA,EJIGBO  II,000000000,000000000,000000000,000000000,000000000,000000000,000000000,000000000,000000000,000000000,000000000,000000000,000000000,000000000,000000000,000000000,000000000,000000000,000000000,000000000,000000000,9
Osun,ILA,EJIGBO  III,00000000,00000000,00000000,00000000,00000000,00000000,00000000,00000000,00000000,00000000,00000000,00000000,00000000,00000000,00000000,00000000,00000000,00000000,00000000,00000000,00000000,8
Osun,ILA,EYINDI,00000000,00000000,00000000,00000000,00000000,00000000,00000000,00000000,00000000,00000000,00000000,00000000,00000000,00000000,00000000,00000000,00000000,00000000,00000000,00000000,00000000,8
Osun,ILA,EYINDI/IPERIN,0000000000,0000000000,0000000000,0000000000,0000000000,0000000000,0000000000,0000000000,0000000000,0000000000,0000000000,0000000000,0000000000,0000000000,0000000000,0000000000,0000000000,0000000000,0000000000,0000000000,0000000000,10
Osun,ILA,IPERIN,0000000000000000,0000000000000000,0000000000000000,0000000000000000,0000000000000000,0000000000000000,0000000000000000,0000000000000000,0000000000000000,0000000000000000,0000000000000000,0000000000000000,0000000000000000,0000000000000000,0000000000000000,0000000000000000,0000000000000000,0000000000000000,0000000000000000,0000000000000000,0000000000000000,16
Osun,ILA,ISEDO  I,0000000000000,0000000000000,0000000000000,0000000000000,0000000000000,0000000000000,0000000000000,0000000000000,0000000000000,0000000000000,0000000000000,0000000000000,0000000000000,0000000000000,0000000000000,0000000000000,0000000000000,0000000000000,0000000000000,0000000000000,0000000000000,13
Osun,ILA,ISEDO  II,0000000000,0000000000,0000000000,0000000000,0000000000,0000000000,0000000000,0000000000,0000000000,0000000000,0000000000,0000000000,0000000000,0000000000,0000000000,0000000000,0000000000,0000000000,0000000000,0000000000,0000000000,10
Osun,ILA,OKE EDE,000000000000,000000000000,000000000000,000000000000,000000000000,000000000000,000000000000,000000000000,000000000000,000000000000,000000000000,000000000000,000000000000,000000000000,000000000000,000000000000,000000000000,000000000000,000000000000,000000000000,000000000000,12
Osun,ILA,OKE OLA,000000000000,000000000000,000000000000,000000000000,000000000000,000000000000,000000000000,000000000000,000000000000,000000000000,000000000000,000000000000,000000000000,000000000000,000000000000,000000000000,000000000000,000000000000,000000000000,000000000000,000000000000,12
Osun,ILESA EAST,BILADU,0000000000000,0000000000000,0000000000000,0000000000000,0000000000000,0000000000000,0000000000000,0000000000000,0000000000000,0000000000000,0000000000000,0000000000000,0000000000000,0000000000000,0000000000000,0000000000000,0000000000000,0000000000000,0000000000000,0000000000000,0000000000000,13
Osun,ILESA EAST,BOLORUNDURO,0000000000000000000000,0000000000000000000000,0000000000000000000000,0000000000000000000000,0000000000000000000000,0000000000000000000000,0000000000000000000000,0000000000000000000000,0000000000000000000000,0000000000000000000000,0000000000000000000000,0000000000000000000000,0000000000000000000000,0000000000000000000000,0000000000000000000000,0000000000000000000000,0000000000000000000000,0000000000000000000000,0000000000000000000000,0000000000000000000000,0000000000000000000000,22
Osun,ILESA EAST,IFOSAN/OKE-ESO,00000000,00000000,00000000,00000000,00000000,00000000,00000000,00000000,00000000,00000000,00000000,00000000,00000000,00000000,00000000,00000000,00000000,00000000,00000000,00000000,00000000,8
Osun,ILESA EAST,IJAMO,000000,000000,000000,000000,000000,000000,000000,000000,000000,000000,000000,000000,000000,000000,000000,000000,000000,000000,000000,000000,000000,6
Osun,ILESA EAST,ILERIN,00000000000000000000,00000000000000000000,00000000000000000000,00000000000000000000,00000000000000000000,00000000000000000000,00000000000000000000,00000000000000000000,00000000000000000000,00000000000000000000,00000000000000000000,00000000000000000000,00000000000000000000,00000000000000000000,00000000000000000000,00000000000000000000,00000000000000000000,00000000000000000000,00000000000000000000,00000000000000000000,00000000000000000000,20
Osun,ILESA EAST,ILORO/ROYE,0000000000,0000000000,0000000000,0000000000,0000000000,0000000000,0000000000,0000000000,0000000000,0000000000,0000000000,0000000000,0000000000,0000000000,0000000000,0000000000,0000000000,0000000000,0000000000,0000000000,0000000000,10
Osun,ILESA EAST,IMO,000000000000000000,000000000000000000,000000000000000000,000000000000000000,000000000000000000,000000000000000000,000000000000000000,000000000000000000,000000000000000000,000000000000000000,000000000000000000,000000000000000000,000000000000000000,000000000000000000,000000000000000000,000000000000000000,000000000000000000,000000000000000000,000000000000000000,000000000000000000,000000000000000000,18
Osun,ILESA EAST,ISARE,00000000000,00000000000,00000000000,00000000000,00000000000,00000000000,00000000000,00000000000,00000000000,00000000000,00000000000,00000000000,00000000000,00000000000,00000000000,00000000000,00000000000,00000000000,00000000000,00000000000,00000000000,11
Osun,ILESA EAST,ITISIN/OGUDU,000000,000000,000000,000000,000000,000000,000000,000000,000000,000000,000000,000000,000000,000000,000000,000000,000000,000000,000000,000000,000000,6
Osun,ILESA EAST,OKESA,000000000,000000000,000000000,000000000,000000000,000000000,000000000,000000000,000000000,000000000,000000000,000000000,000000000,000000000,000000000,000000000,000000000,000000000,000000000,000000000,000000000,9
Osun,ILESA EAST,UPPER & LOWER IJOKA,000000000,000000000,000000000,000000000,000000000,000000000,000000000,000000000,000000000,000000000,000000000,000000000,000000000,000000000,000000000,000000000,000000000,000000000,000000000,000000000,000000000,9
Osun,ILESA WEST,AYESO,0000000000000,0000000000000,0000000000000,0000000000000,0000000000000,0000000000000,0000000000000,0000000000000,0000000000000,0000000000000,0000000000000,0000000000000,0000000000000,0000000000000,0000000000000,0000000000000,0000000000000,0000000000000,0000000000000,0000000000000,0000000000000,13
Osun,ILESA WEST,EREJA,00000000000,00000000000,00000000000,00000000000,00000000000,00000000000,00000000000,00000000000,00000000000,00000000000,00000000000,00000000000,00000000000,00000000000,00000000000,00000000000,00000000000,00000000000,00000000000,00000000000,00000000000,11
Osun,ILESA WEST,IKOYI / IKOTI ARAROMI,000000000000,000000000000,000000000000,000000000000,000000000000,000000000000,000000000000,000000000000,000000000000,000000000000,000000000000,000000000000,000000000000,000000000000,000000000000,000000000000,000000000000,000000000000,000000000000,000000000000,000000000000,12
Osun,ILESA WEST,ILAJE,00000000000000000,00000000000000000,00000000000000000,00000000000000000,00000000000000000,00000000000000000,00000000000000000,00000000000000000,00000000000000000,00000000000000000,00000000000000000,00000000000000000,00000000000000000,00000000000000000,00000000000000000,00000000000000000,00000000000000000,00000000000000000,00000000000000000,00000000000000000,00000000000000000,17
Osun,ILESA WEST,ISIDA/ADETI,00000000,00000000,00000000,00000000,00000000,00000000,00000000,00000000,00000000,00000000,00000000,00000000,00000000,00000000,00000000,00000000,00000000,00000000,00000000,00000000,00000000,8
Osun,ILESA WEST,ISOKUN,000000000000000000,000000000000000000,000000000000000000,000000000000000000,000000000000000000,000000000000000000,000000000000000000,000000000000000000,000000000000000000,000000000000000000,000000000000000000,000000000000000000,000000000000000000,000000000000000000,000000000000000000,000000000000000000,000000000000000000,000000000000000000,000000000000000000,000000000000000000,000000000000000000,18
Osun,ILESA WEST,ITAKOGUN/UPPER EGBE-IDI,00000000,00000000,00000000,00000000,00000000,00000000,00000000,00000000,00000000,00000000,00000000,00000000,00000000,00000000,00000000,00000000,00000000,00000000,00000000,00000000,00000000,8
Osun,ILESA WEST,LOWER EGBE-IDI,000000000000,000000000000,000000000000,000000000000,000000000000,000000000000,000000000000,000000000000,000000000000,000000000000,000000000000,000000000000,000000000000,000000000000,000000000000,000000000000,000000000000,000000000000,000000000000,000000000000,000000000000,12
Osun,ILESA WEST,OMOFE/IDASA,00000000000,00000000000,00000000000,00000000000,00000000000,00000000000,00000000000,00000000000,00000000000,00000000000,00000000000,00000000000,00000000000,00000000000,00000000000,00000000000,00000000000,00000000000,00000000000,00000000000,00000000000,11
Osun,ILESA WEST,UPPER/LOWER IGBOGI,00000000000,00000000000,00000000000,00000000000,00000000000,00000000000,00000000000,00000000000,00000000000,00000000000,00000000000,00000000000,00000000000,00000000000,00000000000,00000000000,00000000000,00000000000,00000000000,00000000000,00000000000,11
Osun,IREPODUN,BARA 'A',000000000000,000000000000,000000000000,000000000000,000000000000,000000000000,000000000000,000000000000,000000000000,000000000000,000000000000,000000000000,000000000000,000000000000,000000000000,000000000000,000000000000,000000000000,000000000000,000000000000,000000000000,12
Osun,IREPODUN,BARA 'B',0000000000000,0000000000000,0000000000000,0000000000000,0000000000000,0000000000000,0000000000000,0000000000000,0000000000000,0000000000000,0000000000000,0000000000000,0000000000000,0000000000000,0000000000000,0000000000000,0000000000000,0000000000000,0000000000000,0000000000000,0000000000000,13
Osun,IREPODUN,ELERIN 'A',0000000000000,0000000000000,0000000000000,0000000000000,0000000000000,0000000000000,0000000000000,0000000000000,0000000000000,0000000000000,0000000000000,0000000000000,0000000000000,0000000000000,0000000000000,0000000000000,0000000000000,0000000000000,0000000000000,0000000000000,0000000000000,13
Osun,IREPODUN,ELERIN 'B',00000000000,00000000000,00000000000,00000000000,00000000000,00000000000,00000000000,00000000000,00000000000,00000000000,00000000000,00000000000,00000000000,00000000000,00000000000,00000000000,00000000000,00000000000,00000000000,00000000000,00000000000,11
Osun,IREPODUN,ELERIN 'C',00000000000,00000000000,00000000000,00000000000,00000000000,00000000000,00000000000,00000000000,00000000000,00000000000,00000000000,00000000000,00000000000,00000000000,00000000000,00000000000,00000000000,00000000000,00000000000,00000000000,00000000000,11
Osun,IREPODUN,ELERIN 'D',0000000000,0000000000,0000000000,0000000000,0000000000,0000000000,0000000000,0000000000,0000000000,0000000000,0000000000,0000000000,0000000000,0000000000,0000000000,0000000000,0000000000,0000000000,0000000000,0000000000,0000000000,10
Osun,IREPODUN,ELERIN 'E',00000000000,00000000000,00000000000,00000000000,00000000000,00000000000,00000000000,00000000000,00000000000,00000000000,00000000000,00000000000,00000000000,00000000000,00000000000,00000000000,00000000000,00000000000,00000000000,00000000000,00000000000,11
Osun,IREPODUN,OLOBU 'A',000000000000,000000000000,000000000000,000000000000,000000000000,000000000000,000000000000,000000000000,000000000000,000000000000,000000000000,000000000000,000000000000,000000000000,000000000000,000000000000,000000000000,000000000000,000000000000,000000000000,000000000000,12
Osun,IREPODUN,OLOBU 'B',0000000000000000,0000000000000000,0000000000000000,0000000000000000,0000000000000000,0000000000000000,0000000000000000,0000000000000000,0000000000000000,0000000000000000,0000000000000000,0000000000000000,0000000000000000,0000000000000000,0000000000000000,0000000000000000,0000000000000000,0000000000000000,0000000000000000,0000000000000000,0000000000000000,16
Osun,IREPODUN,OLOBU 'C',00000000000,00000000000,00000000000,00000000000,00000000000,00000000000,00000000000,00000000000,00000000000,00000000000,00000000000,00000000000,00000000000,00000000000,00000000000,00000000000,00000000000,00000000000,00000000000,00000000000,00000000000,11
Osun,IREPODUN,OLOBU 'D',0000000000000,0000000000000,0000000000000,0000000000000,0000000000000,0000000000000,0000000000000,0000000000000,0000000000000,0000000000000,0000000000000,0000000000000,0000000000000,0000000000000,0000000000000,0000000000000,0000000000000,0000000000000,0000000000000,0000000000000,0000000000000,13
Osun,IREWOLE,IKIRE 'A',00000000000,00000000000,00000000000,00000000000,00000000000,00000000000,00000000000,00000000000,00000000000,00000000000,00000000000,00000000000,00000000000,00000000000,00000000000,00000000000,00000000000,00000000000,00000000000,00000000000,00000000000,11
Osun,IREWOLE,IKIRE 'B',0000000,0000000,0000000,0000000,0000000,0000000,0000000,0000000,0000000,0000000,0000000,0000000,0000000,0000000,0000000,0000000,0000000,0000000,0000000,0000000,0000000,7
Osun,IREWOLE,IKIRE 'C',0000000000,0000000000,0000000000,0000000000,0000000000,0000000000,0000000000,0000000000,0000000000,0000000000,0000000000,0000000000,0000000000,0000000000,0000000000,0000000000,0000000000,0000000000,0000000000,0000000000,0000000000,10
Osun,IREWOLE,IKIRE 'D',000000000000,000000000000,000000000000,000000000000,000000000000,000000000000,000000000000,000000000000,000000000000,000000000000,000000000000,000000000000,000000000000,000000000000,000000000000,000000000000,000000000000,000000000000,000000000000,000000000000,000000000000,12
Osun,IREWOLE,IKIRE 'E',0000000000000000,0000000000000000,0000000000000000,0000000000000000,0000000000000000,0000000000000000,0000000000000000,0000000000000000,0000000000000000,0000000000000000,0000000000000000,0000000000000000,0000000000000000,0000000000000000,0000000000000000,0000000000000000,0000000000000000,0000000000000000,0000000000000000,0000000000000000,0000000000000000,16
Osun,IREWOLE,IKIRE 'F',00000000000000,00000000000000,00000000000000,00000000000000,00000000000000,00000000000000,00000000000000,00000000000000,00000000000000,00000000000000,00000000000000,00000000000000,00000000000000,00000000000000,00000000000000,00000000000000,00000000000000,00000000000000,00000000000000,00000000000000,00000000000000,14
Osun,IREWOLE,IKIRE 'G',00000000,00000000,00000000,00000000,00000000,00000000,00000000,00000000,00000000,00000000,00000000,00000000,00000000,00000000,00000000,00000000,00000000,00000000,00000000,00000000,00000000,8
Osun,IREWOLE,IKIRE 'H',0000000000,0000000000,0000000000,0000000000,0000000000,0000000000,0000000000,0000000000,0000000000,0000000000,0000000000,0000000000,0000000000,0000000000,0000000000,0000000000,0000000000,0000000000,0000000000,0000000000,0000000000,10
Osun,IREWOLE,IKIRE 'I',00000000000000,00000000000000,00000000000000,00000000000000,00000000000000,00000000000000,00000000000000,00000000000000,00000000000000,00000000000000,00000000000000,00000000000000,00000000000000,00000000000000,00000000000000,00000000000000,00000000000000,00000000000000,00000000000000,00000000000000,00000000000000,14
Osun,IREWOLE,IKIRE 'J',0000000000000,0000000000000,0000000000000,0000000000000,0000000000000,0000000000000,0000000000000,0000000000000,0000000000000,0000000000000,0000000000000,0000000000000,0000000000000,0000000000000,0000000000000,0000000000000,0000000000000,0000000000000,0000000000000,0000000000000,0000000000000,13
Osun,IREWOLE,IKIRE 'K',00000000000000000000000,00000000000000000000000,00000000000000000000000,00000000000000000000000,00000000000000000000000,00000000000000000000000,00000000000000000000000,00000000000000000000000,00000000000000000000000,00000000000000000000000,00000000000000000000000,00000000000000000000000,00000000000000000000000,00000000000000000000000,00000000000000000000000,00000000000000000000000,00000000000000000000000,00000000000000000000000,00000000000000000000000,00000000000000000000000,00000000000000000000000,23
Osun,ISOKAN,ALAPOMU  I (ODO-OSUN),00000000000,00000000000,00000000000,00000000000,00000000000,00000000000,00000000000,00000000000,00000000000,00000000000,00000000000,00000000000,00000000000,00000000000,00000000000,00000000000,00000000000,00000000000,00000000000,00000000000,00000000000,11
Osun,ISOKAN,ALAPOMU  II,0000000,0000000,0000000,0000000,0000000,0000000,0000000,0000000,0000000,0000000,0000000,0000000,0000000,0000000,0000000,0000000,0000000,0000000,0000000,0000000,0000000,7
Osun,ISOKAN,ASALU (MOGIMOGI),0000000000000000,0000000000000000,0000000000000000,0000000000000000,0000000000000000,0000000000000000,0000000000000000,0000000000000000,0000000000000000,0000000000000000,0000000000000000,0000000000000000,0000000000000000,0000000000000000,0000000000000000,0000000000000000,0000000000000000,0000000000000000,0000000000000000,0000000000000000,0000000000000000,16
Osun,ISOKAN,ASALU IKOYI,00000000,00000000,00000000,00000000,00000000,00000000,00000000,00000000,00000000,00000000,00000000,00000000,00000000,00000000,00000000,00000000,00000000,00000000,00000000,00000000,00000000,8
Osun,ISOKAN,AWALA  I,0000000,0000000,0000000,0000000,0000000,0000000,0000000,0000000,0000000,0000000,0000000,0000000,0000000,0000000,0000000,0000000,0000000,0000000,0000000,0000000,0000000,7
Osun,ISOKAN,AWALA  II,0000000,0000000,0000000,0000000,0000000,0000000,0000000,0000000,0000000,0000000,0000000,0000000,0000000,0000000,0000000,0000000,0000000,0000000,0000000,0000000,0000000,7
Osun,ISOKAN,IDOGUN WARD,000000,000000,000000,000000,000000,000000,000000,000000,000000,000000,000000,000000,000000,000000,000000,000000,000000,000000,000000,000000,000000,6
Osun,ISOKAN,OLUKOYI (OJA-OSUN),00000000,00000000,00000000,00000000,00000000,00000000,00000000,00000000,00000000,00000000,00000000,00000000,00000000,00000000,00000000,00000000,00000000,00000000,00000000,00000000,00000000,8
Osun,ISOKAN,OOSA ADIFA,00000000000,00000000000,00000000000,00000000000,00000000000,00000000000,00000000000,00000000000,00000000000,00000000000,00000000000,00000000000,00000000000,00000000000,00000000000,00000000000,00000000000,00000000000,00000000000,00000000000,00000000000,11
Osun,ISOKAN,ORANRAN WARD,0000000,0000000,0000000,0000000,0000000,0000000,0000000,0000000,0000000,0000000,0000000,0000000,0000000,0000000,0000000,0000000,0000000,0000000,0000000,0000000,0000000,7
Osun,ISOKAN,OSA IKOYI (OLOKE),0000000,0000000,0000000,0000000,0000000,0000000,0000000,0000000,0000000,0000000,0000000,0000000,0000000,0000000,0000000,0000000,0000000,0000000,0000000,0000000,0000000,7
Osun,IWO,GIDIGBO  I,00000000,00000000,00000000,00000000,00000000,00000000,00000000,00000000,00000000,00000000,00000000,00000000,00000000,00000000,00000000,00000000,00000000,00000000,00000000,00000000,00000000,8
Osun,IWO,GIDIGBO  II,0000000000000,0000000000000,0000000000000,0000000000000,0000000000000,0000000000000,0000000000000,0000000000000,0000000000000,0000000000000,0000000000000,0000000000000,0000000000000,0000000000000,0000000000000,0000000000000,0000000000000,0000000000000,0000000000000,0000000000000,0000000000000,13
Osun,IWO,GIDIGBO  III,0000000000,0000000000,0000000000,0000000000,0000000000,0000000000,0000000000,0000000000,0000000000,0000000000,0000000000,0000000000,0000000000,0000000000,0000000000,0000000000,0000000000,0000000000,0000000000,0000000000,0000000000,10
Osun,IWO,ISALE OBA  I,0000000,0000000,0000000,0000000,0000000,0000000,0000000,0000000,0000000,0000000,0000000,0000000,0000000,0000000,0000000,0000000,0000000,0000000,0000000,0000000,0000000,7
Osun,IWO,ISALE OBA  II,000000000,000000000,000000000,000000000,000000000,000000000,000000000,000000000,000000000,000000000,000000000,000000000,000000000,000000000,000000000,000000000,000000000,000000000,000000000,000000000,000000000,9
Osun,IWO,ISALE OBA  III,000000000000000,000000000000000,000000000000000,000000000000000,000000000000000,000000000000000,000000000000000,000000000000000,000000000000000,000000000000000,000000000000000,000000000000000,000000000000000,000000000000000,000000000000000,000000000000000,000000000000000,000000000000000,000000000000000,000000000000000,000000000000000,15
Osun,IWO,ISALE OBA  IV,000000000,000000000,000000000,000000000,000000000,000000000,000000000,000000000,000000000,000000000,000000000,000000000,000000000,000000000,000000000,000000000,000000000,000000000,000000000,000000000,000000000,9
Osun,IWO,MOLETE  I,0000000000,0000000000,0000000000,0000000000,0000000000,0000000000,0000000000,0000000000,0000000000,0000000000,0000000000,0000000000,0000000000,0000000000,0000000000,0000000000,0000000000,0000000000,0000000000,0000000000,0000000000,10
Osun,IWO,MOLETE  II,000000000000,000000000000,000000000000,000000000000,000000000000,000000000000,000000000000,000000000000,000000000000,000000000000,000000000000,000000000000,000000000000,000000000000,000000000000,000000000000,000000000000,000000000000,000000000000,000000000000,000000000000,12
Osun,IWO,MOLETE  III,00000000000000,00000000000000,00000000000000,00000000000000,00000000000000,00000000000000,00000000000000,00000000000000,00000000000000,00000000000000,00000000000000,00000000000000,00000000000000,00000000000000,00000000000000,00000000000000,00000000000000,00000000000000,00000000000000,00000000000000,00000000000000,14
Osun,IWO,OKE-ADAN  I,00000000,00000000,00000000,00000000,00000000,00000000,00000000,00000000,00000000,00000000,00000000,00000000,00000000,00000000,00000000,00000000,00000000,00000000,00000000,00000000,00000000,8
Osun,IWO,OKE-ADAN  II,000000000,000000000,000000000,000000000,000000000,000000000,000000000,000000000,000000000,000000000,000000000,000000000,000000000,000000000,000000000,000000000,000000000,000000000,000000000,000000000,000000000,9
Osun,IWO,OKE-ADAN  III,00000000000000000,00000000000000000,00000000000000000,00000000000000000,00000000000000000,00000000000000000,00000000000000000,00000000000000000,00000000000000000,00000000000000000,00000000000000000,00000000000000000,00000000000000000,00000000000000000,00000000000000000,00000000000000000,00000000000000000,00000000000000000,00000000000000000,00000000000000000,00000000000000000,17
Osun,IWO,OKE-OBA  I,00000000,00000000,00000000,00000000,00000000,00000000,00000000,00000000,00000000,00000000,00000000,00000000,00000000,00000000,00000000,00000000,00000000,00000000,00000000,00000000,00000000,8
Osun,IWO,OKE-OBA  II,000000000000000000000,000000000000000000000,000000000000000000000,000000000000000000000,000000000000000000000,000000000000000000000,000000000000000000000,000000000000000000000,000000000000000000000,000000000000000000000,000000000000000000000,000000000000000000000,000000000000000000000,000000000000000000000,000000000000000000000,000000000000000000000,000000000000000000000,000000000000000000000,000000000000000000000,000000000000000000000,000000000000000000000,21
Osun,OBOKUN,EESUN/IDOOKO,000000,000000,000000,000000,000000,000000,000000,000000,000000,000000,000000,000000,000000,000000,000000,000000,000000,000000,000000,000000,000000,6
Osun,OBOKUN,ESA - ODO,000000,000000,000000,000000,000000,000000,000000,000000,000000,000000,000000,000000,000000,000000,000000,000000,000000,000000,000000,000000,000000,6
Osun,OBOKUN,ESA-OKE,0000000000000000000,0000000000000000000,0000000000000000000,0000000000000000000,0000000000000000000,0000000000000000000,0000000000000000000,0000000000000000000,0000000000000000000,0000000000000000000,0000000000000000000,0000000000000000000,0000000000000000000,0000000000000000000,0000000000000000000,0000000000000000000,0000000000000000000,0000000000000000000,0000000000000000000,0000000000000000000,0000000000000000000,19
Osun,OBOKUN,IBOKUN,0000000000000000,0000000000000000,0000000000000000,0000000000000000,0000000000000000,0000000000000000,0000000000000000,0000000000000000,0000000000000000,0000000000000000,0000000000000000,0000000000000000,0000000000000000,0000000000000000,0000000000000000,0000000000000000,0000000000000000,0000000000000000,0000000000000000,0000000000000000,0000000000000000,16
Osun,OBOKUN,ILAHUN/IKINYINWA,000000,000000,000000,000000,000000,000000,000000,000000,000000,000000,000000,000000,000000,000000,000000,000000,000000,000000,000000,000000,000000,6
Osun,OBOKUN,ILARE,0000000,0000000,0000000,0000000,0000000,0000000,0000000,0000000,0000000,0000000,0000000,0000000,0000000,0000000,0000000,0000000,0000000,0000000,0000000,0000000,0000000,7
Osun,OBOKUN,ILASE/IDOMINASI,000000000000000,000000000000000,000000000000000,000000000000000,000000000000000,000000000000000,000000000000000,000000000000000,000000000000000,000000000000000,000000000000000,000000000000000,000000000000000,000000000000000,000000000000000,000000000000000,000000000000000,000000000000000,000000000000000,000000000000000,000000000000000,15
Osun,OBOKUN,IMESI-ILE,00000000,00000000,00000000,00000000,00000000,00000000,00000000,00000000,00000000,00000000,00000000,00000000,00000000,00000000,00000000,00000000,00000000,00000000,00000000,00000000,00000000,8
Osun,OBOKUN,IPETU-ILE/ADAOWODE,000000000,000000000,000000000,000000000,000000000,000000000,000000000,000000000,000000000,000000000,000000000,000000000,000000000,000000000,000000000,000000000,000000000,000000000,000000000,000000000,000000000,9
Osun,OBOKUN,OTAN-ILE,00000000,00000000,00000000,00000000,00000000,00000000,00000000,00000000,00000000,00000000,00000000,00000000,00000000,00000000,00000000,00000000,00000000,00000000,00000000,00000000,00000000,8
Osun,ODO-OTIN,ASI/ASABA,00000,00000,00000,00000,00000,00000,00000,00000,00000,00000,00000,00000,00000,00000,00000,00000,00000,00000,00000,00000,00000,5
Osun,ODO-OTIN,BAALE,000000000,000000000,000000000,000000000,000000000,000000000,000000000,000000000,000000000,000000000,000000000,000000000,000000000,000000000,000000000,000000000,000000000,000000000,000000000,000000000,000000000,9
Osun,ODO-OTIN,EKOSIN/IYEKU,00000000,00000000,00000000,00000000,00000000,00000000,00000000,00000000,00000000,00000000,00000000,00000000,00000000,00000000,00000000,00000000,00000000,00000000,00000000,00000000,00000000,8
Osun,ODO-OTIN,ESA OTUN BAALE ODE,00000000,00000000,00000000,00000000,00000000,00000000,00000000,00000000,00000000,00000000,00000000,00000000,00000000,00000000,00000000,00000000,00000000,00000000,00000000,00000000,00000000,8
Osun,ODO-OTIN,FAJI/OPETE,00000,00000,00000,00000,00000,00000,00000,00000,00000,00000,00000,00000,00000,00000,00000,00000,00000,00000,00000,00000,00000,5
Osun,ODO-OTIN,IGBAYE,0000000,0000000,0000000,0000000,0000000,0000000,0000000,0000000,0000000,0000000,0000000,0000000,0000000,0000000,0000000,0000000,0000000,0000000,0000000,0000000,0000000,7
Osun,ODO-OTIN,IJABE/ILA ODO,0000000000,0000000000,0000000000,0000000000,0000000000,0000000000,0000000000,0000000000,0000000000,0000000000,0000000000,0000000000,0000000000,0000000000,0000000000,0000000000,0000000000,0000000000,0000000000,0000000000,0000000000,10
Osun,ODO-OTIN,JAGUN OSI BALE ODE,0000000,0000000,0000000,0000000,0000000,0000000,0000000,0000000,0000000,0000000,0000000,0000000,0000000,0000000,0000000,0000000,0000000,0000000,0000000,0000000,0000000,7
Osun,ODO-OTIN,OBA OJOMU,00000000000,00000000000,00000000000,00000000000,00000000000,00000000000,00000000000,00000000000,00000000000,00000000000,00000000000,00000000000,00000000000,00000000000,00000000000,00000000000,00000000000,00000000000,00000000000,00000000000,00000000000,11
Osun,ODO-OTIN,OKUA/EKUSA,000000,000000,000000,000000,000000,000000,000000,000000,000000,000000,000000,000000,000000,000000,000000,000000,000000,000000,000000,000000,000000,6
Osun,ODO-OTIN,OLOYAN ELEMOSHO / ESA,000000000,000000000,000000000,000000000,000000000,000000000,000000000,000000000,000000000,000000000,000000000,000000000,000000000,000000000,000000000,000000000,000000000,000000000,000000000,000000000,000000000,9
Osun,ODO-OTIN,OLUKOTUN,0000000,0000000,0000000,0000000,0000000,0000000,0000000,0000000,0000000,0000000,0000000,0000000,0000000,0000000,0000000,0000000,0000000,0000000,0000000,0000000,0000000,7
Osun,ODO-OTIN,OLUNISA,00000000000,00000000000,00000000000,00000000000,00000000000,00000000000,00000000000,00000000000,00000000000,00000000000,00000000000,00000000000,00000000000,00000000000,00000000000,00000000000,00000000000,00000000000,00000000000,00000000000,00000000000,11
Osun,ODO-OTIN,ORE/AGBEYE,000000000,000000000,000000000,000000000,000000000,000000000,000000000,000000000,000000000,000000000,000000000,000000000,000000000,000000000,000000000,000000000,000000000,000000000,000000000,000000000,000000000,9
Osun,ODO-OTIN,OSOLO/OPARIN/OLA,000000000,000000000,000000000,000000000,000000000,000000000,000000000,000000000,000000000,000000000,000000000,000000000,000000000,000000000,000000000,000000000,000000000,000000000,000000000,000000000,000000000,9
Osun,OLA-OLUWA,AJAGBA/IWOOKE,000000,000000,000000,000000,000000,000000,000000,000000,000000,000000,000000,000000,000000,000000,000000,000000,000000,000000,000000,000000,000000,6
Osun,OLA-OLUWA,ASA AJAGUNLASE,000000000,000000000,000000000,000000000,000000000,000000000,000000000,000000000,000000000,000000000,000000000,000000000,000000000,000000000,000000000,000000000,000000000,000000000,000000000,000000000,000000000,9
Osun,OLA-OLUWA,ASAMU/ILEMOWU,00000,00000,00000,00000,00000,00000,00000,00000,00000,00000,00000,00000,00000,00000,00000,00000,00000,00000,00000,00000,00000,5
Osun,OLA-OLUWA,BODE-OSI,0000000,0000000,0000000,0000000,0000000,0000000,0000000,0000000,0000000,0000000,0000000,0000000,0000000,0000000,0000000,0000000,0000000,0000000,0000000,0000000,0000000,7
Osun,OLA-OLUWA,IKIRE ILE/IWARA,000000,000000,000000,000000,000000,000000,000000,000000,000000,000000,000000,000000,000000,000000,000000,000000,000000,000000,000000,000000,000000,6
Osun,OLA-OLUWA,ISERO/IKONIFIN,000000,000000,000000,000000,000000,000000,000000,000000,000000,000000,000000,000000,000000,000000,000000,000000,000000,000000,000000,000000,000000,6
Osun,OLA-OLUWA,OBAMORO/ILE OGO,000000,000000,000000,000000,000000,000000,000000,000000,000000,000000,000000,000000,000000,000000,000000,000000,000000,000000,000000,000000,000000,6
Osun,OLA-OLUWA,OGBAAGBA  I,0000000,0000000,0000000,0000000,0000000,0000000,0000000,0000000,0000000,0000000,0000000,0000000,0000000,0000000,0000000,0000000,0000000,0000000,0000000,0000000,0000000,7
Osun,OLA-OLUWA,OGBAAGBA  II,0000,0000,0000,0000,0000,0000,0000,0000,0000,0000,0000,0000,0000,0000,0000,0000,0000,0000,0000,0000,0000,4
Osun,OLA-OLUWA,TELEMU,000000,000000,000000,000000,000000,000000,000000,000000,000000,000000,000000,000000,000000,000000,000000,000000,000000,000000,000000,000000,000000,6
Osun,OLORUNDA,AGOWANDE,00000000000000000000000000000000,00000000000000000000000000000000,00000000000000000000000000000000,00000000000000000000000000000000,00000000000000000000000000000000,00000000000000000000000000000000,00000000000000000000000000000000,00000000000000000000000000000000,00000000000000000000000000000000,00000000000000000000000000000000,00000000000000000000000000000000,00000000000000000000000000000000,00000000000000000000000000000000,00000000000000000000000000000000,00000000000000000000000000000000,00000000000000000000000000000000,00000000000000000000000000000000,00000000000000000000000000000000,00000000000000000000000000000000,00000000000000000000000000000000,00000000000000000000000000000000,32
Osun,OLORUNDA,AKOGUN,0000000000000,0000000000000,0000000000000,0000000000000,0000000000000,0000000000000,0000000000000,0000000000000,0000000000000,0000000000000,0000000000000,0000000000000,0000000000000,0000000000000,0000000000000,0000000000000,0000000000000,0000000000000,0000000000000,0000000000000,0000000000000,13
Osun,OLORUNDA,ATELEWO,000000000000,000000000000,000000000000,000000000000,000000000000,000000000000,000000000000,000000000000,000000000000,000000000000,000000000000,000000000000,000000000000,000000000000,000000000000,000000000000,000000000000,000000000000,000000000000,000000000000,000000000000,12
Osun,OLORUNDA,AYETORO,00000000000000000000000000000000000000,00000000000000000000000000000000000000,00000000000000000000000000000000000000,00000000000000000000000000000000000000,00000000000000000000000000000000000000,00000000000000000000000000000000000000,00000000000000000000000000000000000000,00000000000000000000000000000000000000,00000000000000000000000000000000000000,00000000000000000000000000000000000000,00000000000000000000000000000000000000,00000000000000000000000000000000000000,00000000000000000000000000000000000000,00000000000000000000000000000000000000,00000000000000000000000000000000000000,00000000000000000000000000000000000000,00000000000000000000000000000000000000,00000000000000000000000000000000000000,00000000000000000000000000000000000000,00000000000000000000000000000000000000,00000000000000000000000000000000000000,38
Osun,OLORUNDA,BALOGUN,00000000000000000,00000000000000000,00000000000000000,00000000000000000,00000000000000000,00000000000000000,00000000000000000,00000000000000000,00000000000000000,00000000000000000,00000000000000000,00000000000000000,00000000000000000,00000000000000000,00000000000000000,00000000000000000,00000000000000000,00000000000000000,00000000000000000,00000000000000000,00000000000000000,17
Osun,OLORUNDA,ILIE,00000000000,00000000000,00000000000,00000000000,00000000000,00000000000,00000000000,00000000000,00000000000,00000000000,00000000000,00000000000,00000000000,00000000000,00000000000,00000000000,00000000000,00000000000,00000000000,00000000000,00000000000,11
Osun,OLORUNDA,OBA OKE,00000000000,00000000000,00000000000,00000000000,00000000000,00000000000,00000000000,00000000000,00000000000,00000000000,00000000000,00000000000,00000000000,00000000000,00000000000,00000000000,00000000000,00000000000,00000000000,00000000000,00000000000,11
Osun,OLORUNDA,OBA-ILE,00000000000,00000000000,00000000000,00000000000,00000000000,00000000000,00000000000,00000000000,00000000000,00000000000,00000000000,00000000000,00000000000,00000000000,00000000000,00000000000,00000000000,00000000000,00000000000,00000000000,00000000000,11
Osun,OLORUNDA,OWODE  I,000000000000000000,000000000000000000,000000000000000000,000000000000000000,000000000000000000,000000000000000000,000000000000000000,000000000000000000,000000000000000000,000000000000000000,000000000000000000,000000000000000000,000000000000000000,000000000000000000,000000000000000000,000000000000000000,000000000000000000,000000000000000000,000000000000000000,000000000000000000,000000000000000000,18
Osun,OLORUNDA,OWODE  II,00000000000000,00000000000000,00000000000000,00000000000000,00000000000000,00000000000000,00000000000000,00000000000000,00000000000000,00000000000000,00000000000000,00000000000000,00000000000000,00000000000000,00000000000000,00000000000000,00000000000000,00000000000000,00000000000000,00000000000000,00000000000000,14
Osun,OLORUNDA,OWOOPE,0000000000000000,0000000000000000,0000000000000000,0000000000000000,0000000000000000,0000000000000000,0000000000000000,0000000000000000,0000000000000000,0000000000000000,0000000000000000,0000000000000000,0000000000000000,0000000000000000,0000000000000000,0000000000000000,0000000000000000,0000000000000000,0000000000000000,0000000000000000,0000000000000000,16
Osun,ORIADE,APOTI /DAGBAJA,00000000000000,00000000000000,00000000000000,00000000000000,00000000000000,00000000000000,00000000000000,00000000000000,00000000000000,00000000000000,00000000000000,00000000000000,00000000000000,00000000000000,00000000000000,00000000000000,00000000000000,00000000000000,00000000000000,00000000000000,00000000000000,14
Osun,ORIADE,ERIN-IJESA,000000000,000000000,000000000,000000000,000000000,000000000,000000000,000000000,000000000,000000000,000000000,000000000,000000000,000000000,000000000,000000000,000000000,000000000,000000000,000000000,000000000,9
Osun,ORIADE,ERIN-OKE,00000000,00000000,00000000,00000000,00000000,00000000,00000000,00000000,00000000,00000000,00000000,00000000,00000000,00000000,00000000,00000000,00000000,00000000,00000000,00000000,00000000,8
Osun,ORIADE,ERINMO/IWARAJA,00000000000,00000000000,00000000000,00000000000,00000000000,00000000000,00000000000,00000000000,00000000000,00000000000,00000000000,00000000000,00000000000,00000000000,00000000000,00000000000,00000000000,00000000000,00000000000,00000000000,00000000000,11
Osun,ORIADE,IJEBU-JESA,00000000000000000000000,00000000000000000000000,00000000000000000000000,00000000000000000000000,00000000000000000000000,00000000000000000000000,00000000000000000000000,00000000000000000000000,00000000000000000000000,00000000000000000000000,00000000000000000000000,00000000000000000000000,00000000000000000000000,00000000000000000000000,00000000000000000000000,00000000000000000000000,00000000000000000000000,00000000000000000000000,00000000000000000000000,00000000000000000000000,00000000000000000000000,23
Osun,ORIADE,IJEDA/ ILOKO,00000000,00000000,00000000,00000000,00000000,00000000,00000000,00000000,00000000,00000000,00000000,00000000,00000000,00000000,00000000,00000000,00000000,00000000,00000000,00000000,00000000,8
Osun,ORIADE,IKEJI ARAKEJI/OWENA,000000000000000,000000000000000,000000000000000,000000000000000,000000000000000,000000000000000,000000000000000,000000000000000,000000000000000,000000000000000,000000000000000,000000000000000,000000000000000,000000000000000,000000000000000,000000000000000,000000000000000,000000000000000,000000000000000,000000000000000,000000000000000,15
Osun,ORIADE,IKEJI-ILE,0000,0000,0000,0000,0000,0000,0000,0000,0000,0000,0000,0000,0000,0000,0000,0000,0000,0000,0000,0000,0000,4
Osun,ORIADE,IPETU IJESA  I,000000000,000000000,000000000,000000000,000000000,000000000,000000000,000000000,000000000,000000000,000000000,000000000,000000000,000000000,000000000,000000000,000000000,000000000,000000000,000000000,000000000,9
Osun,ORIADE,IPETU-IJESA  II,000000000,000000000,000000000,000000000,000000000,000000000,000000000,000000000,000000000,000000000,000000000,000000000,000000000,000000000,000000000,000000000,000000000,000000000,000000000,000000000,000000000,9
Osun,ORIADE,IRA,0000,0000,0000,0000,0000,0000,0000,0000,0000,0000,0000,0000,0000,0000,0000,0000,0000,0000,0000,0000,0000,4
Osun,ORIADE,IWOYE,000000000,000000000,000000000,000000000,000000000,000000000,000000000,000000000,000000000,000000000,000000000,000000000,000000000,000000000,000000000,000000000,000000000,000000000,000000000,000000000,000000000,9
Osun,OROLU,OLUFON OROLU   'J',0000000000,0000000000,0000000000,0000000000,0000000000,0000000000,0000000000,0000000000,0000000000,0000000000,0000000000,0000000000,0000000000,0000000000,0000000000,0000000000,0000000000,0000000000,0000000000,0000000000,0000000000,10
Osun,OROLU,OLUFON OROLU  'A',000000000,000000000,000000000,000000000,000000000,000000000,000000000,000000000,000000000,000000000,000000000,000000000,000000000,000000000,000000000,000000000,000000000,000000000,000000000,000000000,000000000,9
Osun,OROLU,OLUFON OROLU  'B',0000000000,0000000000,0000000000,0000000000,0000000000,0000000000,0000000000,0000000000,0000000000,0000000000,0000000000,0000000000,0000000000,0000000000,0000000000,0000000000,0000000000,0000000000,0000000000,0000000000,0000000000,10
Osun,OROLU,OLUFON OROLU  'I',00000000,00000000,00000000,00000000,00000000,00000000,00000000,00000000,00000000,00000000,00000000,00000000,00000000,00000000,00000000,00000000,00000000,00000000,00000000,00000000,00000000,8
Osun,OROLU,OLUFON OROLU 'C',000000000,000000000,000000000,000000000,000000000,000000000,000000000,000000000,000000000,000000000,000000000,000000000,000000000,000000000,000000000,000000000,000000000,000000000,000000000,000000000,000000000,9
Osun,OROLU,OLUFON OROLU 'D',000000000,000000000,000000000,000000000,000000000,000000000,000000000,000000000,000000000,000000000,000000000,000000000,000000000,000000000,000000000,000000000,000000000,000000000,000000000,000000000,000000000,9
Osun,OROLU,OLUFON OROLU 'E',00000000,00000000,00000000,00000000,00000000,00000000,00000000,00000000,00000000,00000000,00000000,00000000,00000000,00000000,00000000,00000000,00000000,00000000,00000000,00000000,00000000,8
Osun,OROLU,OLUFON OROLU 'F',00000000,00000000,00000000,00000000,00000000,00000000,00000000,00000000,00000000,00000000,00000000,00000000,00000000,00000000,00000000,00000000,00000000,00000000,00000000,00000000,00000000,8
Osun,OROLU,OLUFON OROLU 'G',00000000,00000000,00000000,00000000,00000000,00000000,00000000,00000000,00000000,00000000,00000000,00000000,00000000,00000000,00000000,00000000,00000000,00000000,00000000,00000000,00000000,8
Osun,OROLU,OLUFON OROLU 'H',000000,000000,000000,000000,000000,000000,000000,000000,000000,000000,000000,000000,000000,000000,000000,000000,000000,000000,000000,000000,000000,6
Osun,OSOGBO,ALAGBA,000000000000000000,000000000000000000,000000000000000000,000000000000000000,000000000000000000,000000000000000000,000000000000000000,000000000000000000,000000000000000000,000000000000000000,000000000000000000,000000000000000000,000000000000000000,000000000000000000,000000000000000000,000000000000000000,000000000000000000,000000000000000000,000000000000000000,000000000000000000,000000000000000000,18
Osun,OSOGBO,ARE-AGO,000000000000000000,000000000000000000,000000000000000000,000000000000000000,000000000000000000,000000000000000000,000000000000000000,000000000000000000,000000000000000000,000000000000000000,000000000000000000,000000000000000000,000000000000000000,000000000000000000,000000000000000000,000000000000000000,000000000000000000,000000000000000000,000000000000000000,000000000000000000,000000000000000000,18
Osun,OSOGBO,ATAOJA  'A',0000000000000000000,0000000000000000000,0000000000000000000,0000000000000000000,0000000000000000000,0000000000000000000,0000000000000000000,0000000000000000000,0000000000000000000,0000000000000000000,0000000000000000000,0000000000000000000,0000000000000000000,0000000000000000000,0000000000000000000,0000000000000000000,0000000000000000000,0000000000000000000,0000000000000000000,0000000000000000000,0000000000000000000,19
Osun,OSOGBO,ATAOJA  'B',0000000000,0000000000,0000000000,0000000000,0000000000,0000000000,0000000000,0000000000,0000000000,0000000000,0000000000,0000000000,0000000000,0000000000,0000000000,0000000000,0000000000,0000000000,0000000000,0000000000,0000000000,10
Osun,OSOGBO,ATAOJA  'C',00000000000000000,00000000000000000,00000000000000000,00000000000000000,00000000000000000,00000000000000000,00000000000000000,00000000000000000,00000000000000000,00000000000000000,00000000000000000,00000000000000000,00000000000000000,00000000000000000,00000000000000000,00000000000000000,00000000000000000,00000000000000000,00000000000000000,00000000000000000,00000000000000000,17
Osun,OSOGBO,ATAOJA  'D',0000000000000000000000000000000000000000,0000000000000000000000000000000000000000,0000000000000000000000000000000000000000,0000000000000000000000000000000000000000,0000000000000000000000000000000000000000,0000000000000000000000000000000000000000,0000000000000000000000000000000000000000,0000000000000000000000000000000000000000,0000000000000000000000000000000000000000,0000000000000000000000000000000000000000,0000000000000000000000000000000000000000,0000000000000000000000000000000000000000,0000000000000000000000000000000000000000,0000000000000000000000000000000000000000,0000000000000000000000000000000000000000,0000000000000000000000000000000000000000,0000000000000000000000000000000000000000,0000000000000000000000000000000000000000,0000000000000000000000000000000000000000,0000000000000000000000000000000000000000,0000000000000000000000000000000000000000,40
Osun,OSOGBO,ATAOJA  'E',000000000000000000000000000000000000000000,000000000000000000000000000000000000000000,000000000000000000000000000000000000000000,000000000000000000000000000000000000000000,000000000000000000000000000000000000000000,000000000000000000000000000000000000000000,000000000000000000000000000000000000000000,000000000000000000000000000000000000000000,000000000000000000000000000000000000000000,000000000000000000000000000000000000000000,000000000000000000000000000000000000000000,000000000000000000000000000000000000000000,000000000000000000000000000000000000000000,000000000000000000000000000000000000000000,000000000000000000000000000000000000000000,000000000000000000000000000000000000000000,000000000000000000000000000000000000000000,000000000000000000000000000000000000000000,000000000000000000000000000000000000000000,000000000000000000000000000000000000000000,000000000000000000000000000000000000000000,42
Osun,OSOGBO,BABA KEKERE,000000000000000000000,000000000000000000000,000000000000000000000,000000000000000000000,000000000000000000000,000000000000000000000,000000000000000000000,000000000000000000000,000000000000000000000,000000000000000000000,000000000000000000000,000000000000000000000,000000000000000000000,000000000000000000000,000000000000000000000,000000000000000000000,000000000000000000000,000000000000000000000,000000000000000000000,000000000000000000000,000000000000000000000,21
Osun,OSOGBO,EKERIN,0000000000000,0000000000000,0000000000000,0000000000000,0000000000000,0000000000000,0000000000000,0000000000000,0000000000000,0000000000000,0000000000000,0000000000000,0000000000000,0000000000000,0000000000000,0000000000000,0000000000000,0000000000000,0000000000000,0000000000000,0000000000000,13
Osun,OSOGBO,EKETA,0000000000000,0000000000000,0000000000000,0000000000000,0000000000000,0000000000000,0000000000000,0000000000000,0000000000000,0000000000000,0000000000000,0000000000000,0000000000000,0000000000000,0000000000000,0000000000000,0000000000000,0000000000000,0000000000000,0000000000000,0000000000000,13
Osun,OSOGBO,JAGUN 'A',00000000000,00000000000,00000000000,00000000000,00000000000,00000000000,00000000000,00000000000,00000000000,00000000000,00000000000,00000000000,00000000000,00000000000,00000000000,00000000000,00000000000,00000000000,00000000000,00000000000,00000000000,11
Osun,OSOGBO,JAGUN B',00000000000,00000000000,00000000000,00000000000,00000000000,00000000000,00000000000,00000000000,00000000000,00000000000,00000000000,00000000000,00000000000,00000000000,00000000000,00000000000,00000000000,00000000000,00000000000,00000000000,00000000000,11
Osun,OSOGBO,OTUN BALOGUN 'A',000000000000000000000,000000000000000000000,000000000000000000000,000000000000000000000,000000000000000000000,000000000000000000000,000000000000000000000,000000000000000000000,000000000000000000000,000000000000000000000,000000000000000000000,000000000000000000000,000000000000000000000,000000000000000000000,000000000000000000000,000000000000000000000,000000000000000000000,000000000000000000000,000000000000000000000,000000000000000000000,000000000000000000000,21
Osun,OSOGBO,OTUN JAGUN 'A',0000000000000,0000000000000,0000000000000,0000000000000,0000000000000,0000000000000,0000000000000,0000000000000,0000000000000,0000000000000,0000000000000,0000000000000,0000000000000,0000000000000,0000000000000,0000000000000,0000000000000,0000000000000,0000000000000,0000000000000,0000000000000,13
Osun,OSOGBO,OTUN JAGUN 'B',000000000000000,000000000000000,000000000000000,000000000000000,000000000000000,000000000000000,000000000000000,000000000000000,000000000000000,000000000000000,000000000000000,000000000000000,000000000000000,000000000000000,000000000000000,000000000000000,000000000000000,000000000000000,000000000000000,000000000000000,000000000000000,15
